user_id,kmeans,hierarchy,gaussian
1,9,50,9
2,6,52,11
3,7,30,3
4,7,46,3
5,6,49,13
6,9,26,8
7,2,39,5
8,6,56,13
9,6,56,13
10,1,8,17
11,6,52,13
12,0,38,4
13,8,1,7
14,3,19,18
15,6,55,11
16,4,20,18
17,8,62,7
18,8,2,7
19,8,3,14
20,2,41,5
21,4,22,10
22,8,13,14
23,8,3,7
24,5,6,6
25,7,48,11
26,6,52,12
27,0,59,15
28,5,64,6
29,7,1,3
30,6,49,13
31,9,36,9
32,9,49,16
33,5,8,2
34,6,31,12
35,0,30,15
36,1,16,14
37,9,29,8
38,9,26,8
39,3,18,19
40,2,45,5
41,2,40,5
42,8,3,7
43,3,19,19
44,8,2,7
45,9,31,9
46,4,23,10
47,0,33,16
48,1,16,17
49,7,4,7
50,4,32,0
51,9,27,8
52,2,39,5
53,1,13,17
54,0,36,9
55,9,49,16
56,6,49,13
57,2,35,0
58,1,15,17
59,5,58,15
60,2,40,8
61,4,22,10
62,5,9,2
63,3,18,19
64,2,41,5
65,8,5,11
66,2,41,0
67,0,38,4
68,9,54,9
69,9,35,16
70,3,18,19
71,3,20,18
72,9,26,8
73,8,2,7
74,0,36,16
75,2,40,8
76,6,49,13
77,3,18,19
78,9,26,8
79,4,25,10
80,6,51,13
81,0,59,15
82,6,55,11
83,3,40,19
84,7,46,3
85,3,20,18
86,2,40,5
87,7,46,3
88,0,60,15
89,4,25,10
90,6,55,11
91,9,36,9
92,8,2,14
93,7,1,7
94,4,23,10
95,6,55,11
96,6,6,6
97,0,59,15
98,9,33,16
99,6,50,13
100,7,4,7
101,7,39,5
102,0,19,16
103,2,39,5
104,3,20,18
105,7,46,3
106,9,29,9
107,0,59,15
108,4,32,0
109,7,48,3
110,2,34,16
111,6,49,13
112,4,38,4
113,2,41,5
114,9,28,9
115,2,32,0
116,2,40,5
117,8,3,7
118,8,16,14
119,3,40,8
120,5,61,15
121,7,42,1
122,7,46,3
123,1,16,17
124,4,25,10
125,7,39,3
126,4,25,4
127,8,3,7
128,4,32,0
129,8,4,7
130,7,1,7
131,5,10,6
132,9,31,9
133,6,51,13
134,8,39,11
135,3,18,19
136,5,65,12
137,6,55,11
138,0,34,16
139,8,8,7
140,0,38,4
141,4,32,10
142,6,57,13
143,6,51,11
144,2,21,18
145,3,19,19
146,5,9,2
147,8,11,14
148,8,12,14
149,1,15,17
150,5,10,6
151,1,15,17
152,9,36,9
153,4,20,18
154,3,19,19
155,9,36,16
156,9,26,8
157,1,8,17
158,4,37,4
159,3,18,19
160,2,32,0
161,5,10,2
162,6,51,11
163,8,55,11
164,4,25,10
165,7,47,3
166,1,13,14
167,4,22,10
168,9,36,9
169,1,16,17
170,5,4,7
171,4,25,10
172,4,37,10
173,5,9,2
174,7,1,7
175,5,6,6
176,9,36,9
177,7,62,1
178,0,48,9
179,7,48,1
180,9,35,16
181,1,11,14
182,6,56,13
183,0,36,4
184,9,48,9
185,2,39,5
186,6,57,11
187,6,49,13
188,3,20,18
189,9,35,16
190,5,64,6
191,4,36,10
192,1,11,14
193,5,9,15
194,9,29,8
195,1,13,17
196,0,34,16
197,9,35,16
198,1,12,14
199,8,3,14
200,4,20,18
201,9,26,8
202,1,11,14
203,9,35,16
204,1,16,14
205,5,64,15
206,2,44,5
207,2,32,0
208,5,8,2
209,4,20,18
210,2,41,5
211,4,32,0
212,6,52,12
213,9,27,8
214,9,50,8
215,2,43,5
216,1,14,17
217,2,40,16
218,3,20,18
219,3,19,19
220,6,63,12
221,4,25,10
222,7,62,7
223,8,2,11
224,5,6,6
225,5,10,6
226,4,36,9
227,3,19,19
228,3,32,0
229,6,56,13
230,5,5,6
231,8,62,7
232,9,50,8
233,9,26,8
234,4,33,4
235,5,9,2
236,7,4,7
237,6,52,12
238,0,60,15
239,6,61,13
240,8,62,7
241,7,44,1
242,8,5,11
243,9,31,9
244,6,52,12
245,1,16,17
246,9,31,9
247,4,33,16
248,7,46,3
249,6,52,12
250,4,32,0
251,2,39,5
252,2,41,5
253,9,35,16
254,4,23,10
255,8,3,7
256,7,39,3
257,6,56,13
258,8,55,11
259,6,57,6
260,7,39,7
261,1,7,6
262,7,43,1
263,8,5,6
264,1,12,14
265,0,30,15
266,0,59,15
267,6,49,13
268,6,48,12
269,4,21,10
270,5,63,3
271,8,13,14
272,1,11,14
273,8,5,11
274,5,57,6
275,5,63,12
276,4,32,0
277,6,50,5
278,4,23,10
279,2,33,4
280,9,36,9
281,6,49,13
282,2,41,5
283,2,40,5
284,8,12,14
285,0,60,4
286,6,56,13
287,6,49,13
288,7,46,3
289,7,63,3
290,9,49,16
291,0,30,9
292,2,41,5
293,6,54,13
294,9,27,8
295,8,5,14
296,4,23,10
297,5,64,6
298,4,32,0
299,0,61,15
300,1,8,17
301,1,11,14
302,1,11,17
303,6,49,13
304,4,37,10
305,4,23,10
306,6,55,11
307,0,58,15
308,1,16,17
309,8,8,6
310,6,52,12
311,2,45,3
312,0,33,16
313,4,32,0
314,5,9,2
315,4,37,10
316,7,42,1
317,0,38,4
318,4,20,18
319,1,14,17
320,2,32,0
321,8,55,11
322,0,30,9
323,5,57,6
324,2,39,5
325,4,29,10
326,1,14,17
327,0,59,15
328,2,39,5
329,1,16,17
330,0,63,15
331,1,7,6
332,9,60,13
333,0,30,9
334,9,29,4
335,0,63,3
336,7,42,1
337,7,39,5
338,1,16,14
339,0,60,16
340,0,30,12
341,4,32,0
342,8,2,7
343,8,2,7
344,6,57,11
345,4,33,16
346,6,52,12
347,0,60,15
348,0,33,4
349,1,11,14
350,6,51,11
351,6,39,3
352,1,16,17
353,0,34,16
354,3,18,19
355,8,11,14
356,4,25,10
357,4,40,4
358,0,33,15
359,7,42,1
360,7,45,3
361,4,32,0
362,2,41,5
363,4,32,0
364,3,21,18
365,4,29,10
366,5,65,2
367,4,29,10
368,6,55,11
369,9,31,9
370,3,17,19
371,6,61,13
372,8,51,11
373,7,46,3
374,0,63,3
375,0,60,16
376,6,17,13
377,1,8,2
378,9,49,16
379,9,29,8
380,6,53,12
381,2,44,1
382,9,36,8
383,3,19,18
384,4,37,10
385,8,5,11
386,6,53,6
387,9,26,9
388,9,36,9
389,6,51,13
390,0,47,9
391,4,37,4
392,1,15,17
393,0,59,4
394,2,41,5
395,9,27,8
396,6,54,12
397,7,46,3
398,1,6,6
399,3,20,18
400,6,57,13
401,2,30,5
402,1,6,6
403,8,11,14
404,6,60,13
405,9,36,9
406,8,13,6
407,9,36,16
408,0,59,15
409,1,15,17
410,9,31,9
411,1,14,17
412,1,14,17
413,6,60,13
414,0,33,4
415,5,8,2
416,3,18,19
417,4,28,10
418,2,39,5
419,6,65,12
420,0,30,9
421,4,25,10
422,7,44,1
423,3,18,19
424,1,16,17
425,5,13,6
426,8,3,14
427,2,32,0
428,6,49,13
429,1,6,6
430,9,29,8
431,8,3,7
432,4,29,8
433,9,36,9
434,4,25,10
435,7,1,3
436,7,48,1
437,0,33,4
438,1,11,14
439,6,52,12
440,2,41,5
441,7,62,1
442,1,14,17
443,0,33,16
444,0,58,15
445,8,3,7
446,4,25,4
447,4,36,10
448,4,21,18
449,2,47,5
450,0,59,15
451,5,58,15
452,6,39,13
453,1,15,17
454,6,53,6
455,0,38,9
456,8,8,7
457,1,15,17
458,4,32,0
459,3,19,18
460,9,31,9
461,8,8,14
462,8,2,7
463,6,31,12
464,0,60,16
465,9,35,16
466,0,58,15
467,9,60,16
468,4,25,10
469,0,59,15
470,9,28,9
471,7,62,3
472,7,62,1
473,4,25,10
474,6,55,11
475,8,2,7
476,8,2,7
477,8,1,7
478,0,60,16
479,8,52,12
480,6,56,11
481,5,2,12
482,1,16,17
483,9,33,16
484,3,20,18
485,9,31,9
486,9,35,16
487,9,36,16
488,2,44,1
489,0,33,16
490,2,48,5
491,2,41,16
492,3,19,18
493,6,49,13
494,2,40,5
495,7,48,3
496,8,5,11
497,4,25,10
498,5,9,2
499,6,65,12
500,9,50,9
501,2,32,0
502,9,33,16
503,4,37,4
504,2,36,0
505,8,4,7
506,3,18,19
507,4,33,4
508,7,42,1
509,1,16,14
510,7,42,1
511,3,21,18
512,4,25,10
513,6,30,12
514,6,62,11
515,5,64,15
516,8,3,7
517,9,30,9
518,6,54,13
519,9,36,8
520,5,10,6
521,4,37,4
522,7,1,1
523,5,4,2
524,1,16,17
525,0,38,4
526,7,46,3
527,9,36,9
528,8,11,14
529,5,9,2
530,7,62,7
531,1,11,14
532,7,42,1
533,1,16,17
534,9,30,9
535,3,20,18
536,8,2,7
537,0,59,15
538,0,45,3
539,7,2,7
540,9,33,16
541,8,13,14
542,2,32,0
543,8,12,14
544,0,48,3
545,3,19,18
546,6,50,12
547,7,62,7
548,2,32,0
549,1,16,17
550,1,16,17
551,5,10,6
552,4,25,10
553,9,27,8
554,3,18,19
555,9,28,8
556,7,2,12
557,7,42,1
558,5,10,2
559,9,35,16
560,7,1,7
561,4,21,18
562,7,46,3
563,7,2,1
564,0,33,15
565,2,32,0
566,8,12,14
567,7,45,5
568,2,33,16
569,4,29,10
570,6,51,13
571,7,39,5
572,4,22,10
573,2,34,16
574,9,49,16
575,8,5,7
576,7,62,3
577,1,7,6
578,6,49,13
579,6,63,12
580,4,33,4
581,9,29,8
582,3,18,19
583,5,65,12
584,6,60,13
585,8,62,11
586,7,62,1
587,5,10,6
588,5,9,2
589,9,36,9
590,9,49,16
591,5,64,2
592,2,40,5
593,9,35,16
594,9,31,9
595,6,49,13
596,2,32,0
597,3,18,19
598,3,17,19
599,0,33,16
600,3,20,18
601,6,53,6
602,7,42,1
603,2,51,5
604,8,1,7
605,6,51,11
606,4,36,8
607,9,49,16
608,6,51,13
609,8,3,7
610,8,3,7
611,6,57,11
612,2,32,0
613,5,63,12
614,4,28,10
615,5,4,7
616,2,32,0
617,2,32,0
618,2,32,0
619,9,36,9
620,6,56,13
621,6,17,19
622,0,61,15
623,8,6,6
624,1,15,17
625,9,35,16
626,6,57,3
627,4,25,10
628,9,27,8
629,4,28,10
630,0,54,12
631,1,14,17
632,2,43,5
633,3,17,19
634,9,28,9
635,0,30,15
636,7,43,1
637,5,8,2
638,7,48,3
639,8,2,7
640,9,35,16
641,5,64,2
642,4,40,10
643,3,18,19
644,7,62,3
645,0,61,15
646,8,8,7
647,2,39,5
648,6,56,13
649,7,44,1
650,2,41,5
651,1,16,17
652,2,39,5
653,4,21,18
654,8,7,6
655,5,54,12
656,5,58,15
657,3,19,19
658,9,30,8
659,9,60,16
660,1,16,17
661,5,4,3
662,2,48,5
663,2,39,5
664,5,64,6
665,4,23,10
666,6,49,13
667,2,47,5
668,2,41,5
669,1,55,14
670,0,38,4
671,5,64,2
672,2,46,3
673,0,60,16
674,8,62,7
675,3,19,19
676,1,11,14
677,0,60,15
678,1,11,14
679,5,4,3
680,3,17,19
681,4,28,10
682,5,64,15
683,2,41,5
684,3,20,18
685,8,2,7
686,6,51,13
687,1,7,14
688,4,33,4
689,2,40,5
690,8,2,6
691,9,50,9
692,1,16,17
693,2,45,3
694,3,17,19
695,8,5,11
696,1,15,17
697,5,54,12
698,8,3,7
699,8,55,14
700,4,44,4
701,6,49,13
702,5,9,2
703,4,32,0
704,3,20,18
705,2,47,5
706,9,35,16
707,6,50,3
708,2,32,0
709,4,23,10
710,1,16,17
711,5,64,15
712,8,3,14
713,8,12,7
714,8,11,14
715,7,63,3
716,8,11,14
717,2,32,0
718,6,55,11
719,9,36,9
720,8,5,14
721,1,11,14
722,6,49,13
723,3,20,18
724,6,51,13
725,0,60,16
726,9,26,8
727,6,54,12
728,6,49,13
729,8,3,7
730,6,50,3
731,5,7,12
732,0,60,16
733,6,57,13
734,4,20,18
735,1,11,14
736,6,57,11
737,5,10,2
738,4,22,10
739,8,5,7
740,2,32,0
741,4,23,10
742,7,42,1
743,9,54,9
744,8,3,7
745,4,25,10
746,1,11,14
747,2,44,5
748,7,44,3
749,5,8,2
750,0,33,16
751,2,32,0
752,1,6,17
753,6,51,5
754,6,51,11
755,5,8,6
756,7,46,3
757,1,11,14
758,9,33,16
759,9,29,8
760,0,60,16
761,2,40,5
762,7,43,1
763,2,45,9
764,7,48,3
765,1,12,14
766,9,36,9
767,7,48,3
768,4,21,18
769,0,59,15
770,1,11,14
771,4,32,0
772,2,41,5
773,3,41,19
774,1,11,14
775,4,21,18
776,7,30,12
777,8,11,14
778,8,3,7
779,3,20,19
780,8,12,14
781,8,55,11
782,4,22,10
783,2,39,5
784,3,20,18
785,2,39,5
786,7,43,1
787,6,56,13
788,8,2,7
789,6,57,19
790,2,44,1
791,1,16,17
792,7,62,1
793,5,65,12
794,9,36,9
795,6,49,13
796,1,8,2
797,9,29,8
798,8,2,12
799,4,22,10
800,2,48,9
801,5,10,2
802,1,16,17
803,7,1,7
804,0,36,16
805,9,29,8
806,4,38,4
807,4,22,10
808,8,4,7
809,2,27,8
810,8,47,7
811,5,61,15
812,3,18,19
813,9,27,8
814,2,45,5
815,3,19,19
816,5,8,2
817,8,3,14
818,6,57,11
819,2,39,5
820,7,42,1
821,4,25,10
822,6,52,12
823,6,54,12
824,5,9,2
825,0,38,4
826,4,25,10
827,4,38,4
828,3,27,19
829,5,9,2
830,7,47,1
831,9,34,16
832,9,31,12
833,9,49,16
834,9,29,8
835,4,25,10
836,4,28,10
837,0,63,15
838,3,17,19
839,1,16,17
840,5,7,2
841,4,22,10
842,3,18,19
843,6,52,12
844,6,57,3
845,6,49,13
846,5,8,2
847,9,31,9
848,6,57,13
849,9,31,8
850,0,58,15
851,2,41,5
852,9,31,9
853,7,1,7
854,1,55,14
855,1,7,6
856,4,32,0
857,0,59,4
858,5,62,7
859,2,47,5
860,4,23,10
861,9,48,9
862,0,60,16
863,7,46,3
864,0,59,15
865,2,45,3
866,2,40,8
867,2,32,0
868,4,23,10
869,1,11,14
870,9,36,9
871,3,20,18
872,7,63,3
873,0,30,4
874,4,37,4
875,9,35,16
876,8,3,7
877,1,11,14
878,2,40,5
879,4,36,4
880,2,41,5
881,1,13,14
882,7,44,1
883,2,21,0
884,6,57,11
885,7,48,1
886,4,22,10
887,6,49,13
888,6,50,11
889,1,14,17
890,6,51,11
891,6,57,6
892,7,44,3
893,2,34,0
894,6,57,11
895,9,19,8
896,3,20,18
897,8,55,11
898,2,40,5
899,1,7,6
900,3,19,18
901,4,32,0
902,4,20,10
903,3,19,19
904,7,47,3
905,7,62,7
906,2,40,5
907,0,33,4
908,2,47,16
909,0,32,0
910,0,30,9
911,1,16,17
912,9,36,9
913,2,40,5
914,0,59,15
915,2,39,5
916,5,63,12
917,0,33,16
918,6,51,11
919,5,10,2
920,2,41,5
921,1,15,14
922,1,6,17
923,9,27,8
924,5,6,6
925,9,26,8
926,6,48,12
927,6,50,8
928,5,61,15
929,1,15,17
930,6,57,13
931,0,30,15
932,9,35,16
933,9,51,16
934,8,7,12
935,8,5,11
936,6,51,5
937,8,13,14
938,9,36,8
939,5,63,3
940,6,56,19
941,3,19,18
942,9,35,16
943,9,49,13
944,3,17,19
945,8,52,6
946,0,33,4
947,4,25,10
948,5,8,2
949,8,3,7
950,2,43,5
951,4,25,10
952,6,49,13
953,5,57,6
954,5,64,6
955,1,16,17
956,6,57,6
957,5,10,6
958,0,59,15
959,6,51,11
960,6,61,13
961,3,20,18
962,6,49,13
963,1,15,17
964,6,50,13
965,0,61,15
966,9,35,16
967,9,27,8
968,6,50,13
969,9,49,16
970,8,11,14
971,8,1,7
972,2,32,0
973,5,52,12
974,7,45,3
975,1,15,17
976,3,20,18
977,5,8,2
978,3,19,18
979,2,39,5
980,7,4,3
981,5,10,2
982,9,29,8
983,2,48,9
984,1,16,17
985,8,3,7
986,4,25,10
987,6,65,12
988,6,63,12
989,4,37,4
990,6,39,5
991,9,29,9
992,4,25,10
993,2,60,16
994,7,46,3
995,4,29,8
996,1,11,14
997,6,50,13
998,9,49,16
999,8,3,14
1000,7,2,7
1001,6,56,13
1002,9,49,16
1003,0,33,15
1004,8,12,14
1005,5,57,3
1006,2,40,18
1007,4,36,9
1008,9,31,9
1009,4,21,0
1010,1,16,17
1011,2,40,5
1012,4,36,9
1013,9,36,8
1014,0,45,3
1015,1,14,17
1016,6,49,13
1017,5,47,7
1018,8,4,7
1019,1,14,2
1020,2,39,5
1021,0,58,15
1022,9,35,16
1023,4,36,4
1024,9,29,4
1025,3,18,19
1026,4,37,10
1027,0,60,16
1028,0,33,4
1029,5,65,12
1030,7,1,7
1031,7,1,7
1032,6,50,13
1033,2,47,3
1034,5,30,12
1035,0,60,16
1036,0,61,15
1037,4,22,10
1038,0,54,15
1039,4,20,18
1040,1,14,17
1041,0,38,4
1042,4,25,10
1043,4,36,4
1044,7,63,3
1045,4,27,8
1046,4,40,10
1047,7,48,1
1048,9,49,16
1049,2,43,5
1050,6,55,11
1051,1,11,17
1052,0,38,4
1053,8,4,7
1054,2,40,5
1055,3,19,19
1056,2,23,5
1057,7,62,1
1058,1,15,17
1059,1,10,17
1060,2,41,5
1061,4,36,10
1062,5,58,15
1063,8,62,7
1064,6,56,13
1065,9,26,8
1066,6,30,12
1067,5,62,15
1068,1,7,14
1069,9,35,16
1070,4,21,10
1071,2,45,5
1072,5,64,15
1073,0,30,15
1074,5,65,2
1075,0,38,4
1076,9,29,8
1077,5,9,2
1078,9,26,8
1079,6,56,13
1080,4,32,0
1081,6,49,13
1082,2,39,5
1083,4,25,10
1084,6,55,11
1085,0,33,16
1086,1,11,14
1087,1,16,17
1088,1,16,17
1089,2,47,5
1090,6,60,13
1091,2,41,5
1092,4,28,10
1093,7,1,3
1094,5,65,6
1095,4,33,4
1096,6,51,11
1097,8,55,11
1098,4,38,4
1099,6,57,6
1100,6,31,12
1101,1,15,17
1102,4,25,10
1103,4,25,10
1104,9,49,16
1105,5,8,6
1106,2,32,1
1107,9,27,8
1108,2,32,0
1109,6,57,11
1110,3,19,19
1111,4,25,10
1112,1,16,17
1113,1,6,6
1114,9,26,8
1115,0,47,16
1116,9,31,12
1117,1,16,17
1118,2,32,0
1119,5,8,2
1120,1,16,17
1121,6,6,6
1122,7,42,1
1123,4,22,10
1124,1,15,17
1125,8,55,14
1126,9,49,16
1127,7,46,3
1128,5,9,2
1129,8,2,7
1130,1,14,17
1131,0,59,15
1132,8,1,7
1133,5,57,6
1134,5,9,2
1135,7,42,1
1136,2,41,5
1137,1,14,17
1138,6,50,13
1139,6,56,13
1140,5,65,2
1141,5,7,6
1142,6,55,11
1143,0,30,9
1144,2,32,0
1145,9,35,16
1146,2,47,5
1147,0,59,15
1148,9,31,9
1149,6,57,11
1150,5,9,2
1151,1,11,14
1152,2,41,5
1153,3,18,19
1154,4,25,10
1155,8,4,7
1156,4,29,10
1157,2,32,5
1158,9,26,8
1159,7,42,1
1160,3,18,19
1161,0,32,15
1162,5,65,15
1163,2,41,5
1164,6,53,6
1165,8,62,11
1166,2,32,0
1167,6,49,13
1168,6,53,12
1169,9,31,9
1170,0,30,15
1171,4,22,10
1172,1,7,6
1173,6,56,11
1174,4,32,0
1175,4,29,10
1176,7,62,7
1177,6,49,13
1178,4,37,4
1179,8,3,7
1180,0,33,15
1181,1,16,17
1182,1,8,17
1183,5,8,2
1184,8,2,11
1185,9,36,8
1186,7,47,3
1187,9,27,8
1188,7,46,3
1189,4,29,10
1190,2,40,5
1191,0,38,4
1192,4,21,10
1193,8,55,11
1194,1,7,14
1195,3,18,18
1196,5,64,6
1197,0,34,4
1198,2,50,5
1199,8,52,12
1200,3,20,18
1201,3,17,19
1202,1,16,17
1203,1,6,17
1204,3,17,19
1205,9,26,8
1206,7,42,1
1207,1,11,14
1208,4,32,0
1209,7,63,12
1210,7,46,1
1211,5,10,2
1212,4,34,16
1213,4,25,10
1214,4,37,10
1215,7,62,1
1216,5,63,2
1217,0,63,3
1218,5,6,6
1219,8,1,7
1220,2,48,5
1221,7,48,12
1222,6,61,13
1223,0,54,15
1224,5,9,2
1225,9,33,16
1226,4,25,10
1227,9,49,16
1228,1,6,6
1229,4,35,10
1230,8,13,14
1231,5,6,6
1232,6,53,13
1233,7,44,1
1234,2,45,3
1235,9,35,16
1236,2,40,5
1237,4,25,10
1238,3,19,18
1239,6,49,13
1240,4,22,10
1241,6,56,13
1242,5,54,15
1243,1,8,17
1244,1,11,14
1245,7,44,1
1246,1,16,17
1247,4,22,10
1248,0,60,16
1249,7,44,1
1250,4,21,18
1251,3,18,19
1252,0,60,16
1253,9,27,9
1254,9,29,8
1255,6,53,13
1256,0,34,4
1257,2,40,5
1258,4,37,10
1259,2,32,0
1260,1,15,17
1261,6,17,11
1262,6,52,12
1263,6,53,6
1264,1,16,17
1265,6,53,6
1266,1,7,6
1267,5,62,2
1268,5,58,15
1269,3,18,19
1270,4,22,10
1271,6,54,12
1272,1,13,14
1273,5,9,2
1274,5,9,2
1275,0,33,4
1276,9,31,9
1277,4,23,10
1278,7,63,3
1279,5,52,6
1280,3,17,19
1281,9,35,16
1282,9,36,9
1283,9,26,8
1284,6,56,6
1285,1,16,17
1286,3,19,18
1287,6,49,13
1288,0,60,16
1289,7,63,3
1290,3,17,19
1291,5,10,2
1292,2,32,0
1293,9,54,13
1294,9,31,9
1295,4,37,4
1296,9,60,16
1297,8,13,14
1298,1,12,14
1299,8,3,7
1300,3,18,19
1301,1,16,17
1302,2,43,5
1303,1,16,17
1304,8,3,7
1305,4,25,10
1306,1,15,17
1307,2,45,0
1308,8,5,11
1309,4,22,10
1310,4,36,10
1311,7,48,3
1312,7,42,1
1313,2,41,5
1314,2,48,5
1315,0,59,15
1316,4,20,18
1317,1,16,17
1318,4,22,10
1319,4,20,18
1320,8,4,7
1321,5,63,12
1322,5,9,2
1323,0,30,9
1324,5,64,15
1325,1,8,17
1326,6,49,13
1327,2,33,5
1328,7,1,7
1329,1,11,14
1330,0,33,4
1331,0,61,15
1332,9,36,9
1333,1,15,17
1334,3,17,19
1335,5,64,2
1336,9,35,16
1337,4,28,10
1338,8,4,7
1339,6,52,12
1340,1,15,17
1341,4,23,10
1342,2,41,5
1343,5,8,2
1344,5,30,12
1345,6,50,8
1346,4,22,10
1347,6,56,13
1348,9,28,9
1349,7,46,3
1350,6,52,6
1351,2,40,16
1352,0,60,15
1353,9,28,9
1354,1,7,14
1355,9,29,4
1356,8,55,11
1357,4,23,10
1358,7,1,7
1359,9,40,8
1360,6,57,11
1361,0,30,15
1362,7,62,1
1363,4,21,10
1364,4,47,4
1365,7,44,3
1366,3,17,19
1367,8,13,14
1368,9,36,9
1369,1,15,17
1370,6,17,19
1371,4,22,10
1372,2,41,5
1373,7,48,1
1374,0,61,15
1375,3,19,8
1376,6,49,13
1377,8,2,14
1378,0,38,4
1379,4,32,0
1380,8,1,7
1381,9,60,16
1382,4,37,4
1383,1,14,17
1384,2,32,0
1385,2,32,0
1386,0,60,15
1387,5,58,15
1388,2,41,5
1389,1,16,17
1390,1,11,14
1391,6,52,12
1392,1,8,17
1393,6,57,6
1394,4,32,0
1395,8,3,7
1396,5,8,6
1397,7,44,1
1398,4,32,4
1399,8,11,14
1400,6,49,13
1401,0,61,15
1402,6,57,13
1403,7,42,1
1404,5,54,12
1405,0,59,15
1406,9,49,16
1407,6,49,13
1408,2,39,5
1409,6,6,6
1410,4,25,10
1411,3,18,19
1412,4,35,18
1413,5,57,6
1414,2,39,5
1415,5,8,2
1416,3,19,18
1417,4,22,10
1418,8,1,7
1419,2,32,0
1420,1,15,17
1421,5,53,6
1422,1,16,17
1423,9,36,9
1424,4,23,10
1425,1,7,14
1426,1,16,17
1427,6,57,11
1428,4,32,0
1429,4,32,0
1430,6,6,6
1431,2,32,0
1432,3,18,19
1433,2,41,5
1434,2,40,5
1435,4,32,0
1436,3,19,19
1437,5,64,15
1438,3,19,19
1439,4,37,4
1440,5,64,2
1441,9,27,8
1442,7,62,1
1443,0,33,15
1444,4,21,0
1445,4,25,10
1446,0,59,15
1447,1,16,17
1448,1,16,17
1449,1,16,17
1450,6,50,13
1451,1,16,17
1452,4,25,10
1453,3,19,18
1454,4,40,16
1455,9,30,16
1456,4,21,10
1457,1,14,6
1458,6,57,6
1459,9,27,8
1460,2,32,0
1461,4,32,0
1462,2,32,0
1463,7,48,1
1464,8,4,7
1465,5,8,2
1466,8,11,14
1467,3,18,19
1468,7,39,7
1469,4,36,4
1470,6,52,12
1471,4,32,0
1472,8,1,7
1473,7,1,7
1474,7,62,3
1475,0,60,16
1476,6,50,13
1477,4,37,10
1478,4,25,10
1479,4,36,4
1480,4,22,10
1481,6,50,12
1482,3,18,19
1483,8,3,7
1484,5,6,6
1485,9,49,16
1486,3,17,19
1487,4,25,10
1488,0,33,3
1489,5,8,2
1490,7,1,7
1491,1,6,6
1492,6,57,13
1493,9,27,8
1494,2,32,0
1495,6,50,13
1496,8,12,14
1497,8,1,7
1498,5,8,6
1499,8,39,11
1500,6,53,12
1501,8,2,14
1502,8,55,11
1503,1,15,17
1504,2,39,5
1505,5,65,2
1506,5,65,12
1507,0,30,9
1508,2,33,16
1509,8,55,11
1510,2,32,0
1511,0,65,15
1512,2,32,0
1513,5,65,15
1514,5,57,6
1515,2,32,0
1516,8,55,11
1517,9,35,16
1518,7,44,1
1519,6,61,13
1520,2,32,0
1521,9,49,16
1522,7,42,1
1523,7,4,3
1524,8,5,11
1525,0,36,9
1526,4,29,4
1527,6,61,15
1528,6,57,19
1529,4,40,10
1530,1,16,17
1531,4,32,0
1532,6,56,13
1533,3,18,19
1534,9,33,16
1535,4,36,10
1536,0,45,9
1537,2,32,0
1538,9,48,8
1539,4,37,4
1540,0,65,15
1541,0,33,16
1542,8,11,14
1543,6,51,11
1544,8,5,11
1545,5,62,2
1546,1,7,14
1547,5,65,15
1548,3,18,19
1549,2,32,0
1550,6,49,13
1551,5,61,15
1552,1,7,6
1553,9,36,9
1554,0,34,4
1555,6,61,13
1556,8,6,6
1557,2,40,0
1558,7,46,3
1559,4,37,4
1560,8,2,11
1561,6,54,13
1562,4,23,10
1563,3,17,19
1564,2,39,5
1565,9,27,8
1566,4,32,0
1567,0,44,15
1568,9,35,8
1569,0,60,4
1570,0,38,4
1571,5,10,6
1572,3,20,18
1573,4,22,10
1574,4,28,10
1575,7,46,3
1576,4,29,10
1577,6,57,6
1578,7,46,3
1579,1,16,17
1580,4,37,4
1581,3,17,8
1582,4,20,18
1583,4,20,18
1584,1,15,17
1585,6,52,12
1586,1,8,17
1587,1,7,6
1588,9,31,9
1589,7,62,1
1590,4,36,4
1591,5,10,2
1592,1,14,17
1593,6,56,11
1594,0,54,9
1595,5,63,12
1596,3,20,18
1597,5,53,6
1598,7,42,1
1599,1,12,14
1600,8,2,14
1601,8,55,11
1602,6,6,6
1603,9,35,16
1604,9,35,16
1605,1,7,14
1606,8,57,11
1607,5,61,15
1608,3,18,19
1609,1,6,6
1610,2,34,16
1611,1,13,14
1612,4,37,10
1613,1,16,17
1614,4,40,10
1615,4,25,10
1616,8,2,14
1617,8,3,14
1618,0,58,15
1619,4,38,4
1620,9,34,16
1621,4,22,10
1622,2,33,16
1623,7,62,1
1624,8,1,7
1625,4,21,18
1626,6,49,13
1627,2,32,0
1628,1,15,17
1629,7,39,5
1630,2,43,5
1631,9,31,9
1632,1,14,17
1633,2,32,0
1634,9,26,8
1635,1,16,17
1636,6,56,13
1637,2,43,5
1638,9,35,16
1639,1,11,14
1640,6,39,11
1641,6,57,11
1642,0,38,4
1643,5,47,3
1644,3,17,19
1645,6,48,12
1646,4,22,10
1647,1,11,14
1648,5,64,15
1649,5,62,15
1650,1,13,6
1651,2,40,5
1652,2,32,0
1653,3,21,18
1654,4,36,4
1655,8,5,11
1656,4,22,10
1657,9,28,8
1658,1,8,6
1659,2,32,0
1660,9,35,16
1661,4,35,16
1662,9,49,16
1663,6,49,13
1664,9,27,8
1665,7,42,1
1666,8,55,14
1667,8,3,7
1668,0,33,16
1669,9,27,8
1670,9,60,16
1671,5,9,2
1672,6,4,3
1673,2,43,5
1674,9,27,8
1675,8,3,7
1676,1,11,14
1677,3,20,18
1678,6,17,11
1679,3,17,19
1680,1,16,17
1681,5,63,3
1682,0,38,4
1683,9,48,9
1684,6,50,13
1685,5,9,2
1686,4,32,0
1687,6,31,12
1688,3,17,19
1689,7,1,7
1690,6,56,19
1691,2,45,3
1692,5,58,15
1693,5,9,2
1694,1,13,17
1695,8,1,7
1696,8,3,14
1697,1,7,6
1698,1,14,17
1699,5,9,2
1700,4,21,0
1701,1,6,6
1702,6,57,11
1703,7,46,5
1704,2,40,10
1705,9,40,8
1706,0,54,9
1707,6,49,13
1708,3,17,19
1709,9,31,9
1710,3,19,19
1711,4,25,10
1712,1,15,17
1713,4,22,10
1714,8,2,7
1715,4,21,0
1716,6,57,11
1717,5,10,2
1718,9,34,16
1719,3,19,18
1720,2,32,0
1721,9,31,8
1722,7,47,1
1723,7,42,1
1724,6,52,13
1725,2,41,5
1726,7,1,7
1727,1,2,14
1728,4,28,9
1729,4,22,10
1730,2,32,0
1731,4,32,0
1732,9,41,0
1733,1,10,6
1734,0,60,15
1735,9,27,8
1736,2,48,9
1737,8,11,14
1738,3,17,19
1739,9,49,16
1740,0,59,15
1741,5,8,2
1742,2,45,3
1743,0,63,3
1744,5,10,2
1745,3,17,19
1746,7,2,1
1747,4,36,4
1748,1,8,2
1749,5,9,2
1750,4,32,0
1751,2,32,0
1752,1,15,17
1753,6,47,3
1754,4,25,10
1755,6,52,6
1756,3,18,19
1757,8,3,14
1758,5,53,6
1759,6,51,11
1760,9,29,8
1761,2,43,1
1762,7,4,7
1763,9,31,9
1764,8,2,14
1765,3,17,19
1766,4,32,0
1767,5,6,6
1768,0,30,9
1769,3,18,19
1770,9,36,9
1771,7,44,1
1772,3,20,18
1773,6,49,13
1774,2,32,0
1775,5,8,2
1776,8,2,14
1777,0,38,4
1778,8,11,14
1779,6,51,11
1780,1,16,17
1781,2,47,5
1782,3,19,19
1783,4,25,10
1784,7,39,1
1785,2,21,0
1786,4,32,0
1787,3,17,19
1788,4,25,10
1789,3,17,19
1790,1,11,14
1791,0,59,15
1792,9,26,8
1793,1,15,14
1794,1,11,14
1795,2,40,5
1796,0,58,15
1797,0,58,15
1798,0,32,0
1799,6,49,13
1800,8,11,14
1801,2,32,0
1802,5,9,2
1803,8,55,11
1804,6,57,11
1805,1,13,6
1806,6,55,11
1807,8,11,14
1808,4,22,10
1809,3,18,19
1810,4,37,10
1811,3,19,18
1812,1,11,14
1813,4,25,10
1814,2,43,5
1815,2,41,5
1816,2,47,3
1817,7,62,7
1818,2,40,5
1819,7,62,7
1820,1,15,17
1821,4,25,10
1822,6,50,13
1823,9,27,8
1824,6,51,13
1825,6,49,13
1826,7,62,1
1827,0,34,16
1828,6,56,11
1829,9,35,16
1830,7,46,3
1831,3,17,19
1832,4,25,10
1833,6,56,13
1834,2,40,5
1835,1,16,17
1836,5,10,6
1837,1,16,17
1838,4,22,10
1839,6,39,11
1840,2,44,4
1841,6,56,11
1842,1,6,17
1843,0,63,15
1844,4,22,10
1845,9,35,16
1846,0,60,16
1847,9,35,16
1848,4,32,0
1849,2,39,5
1850,7,48,3
1851,8,3,14
1852,7,44,1
1853,6,31,12
1854,6,57,6
1855,8,39,11
1856,7,42,1
1857,2,48,5
1858,6,48,12
1859,0,59,15
1860,1,15,17
1861,1,16,17
1862,3,21,18
1863,0,59,15
1864,4,25,10
1865,6,56,13
1866,8,6,6
1867,9,36,9
1868,0,38,4
1869,0,59,4
1870,8,2,7
1871,5,4,2
1872,9,34,16
1873,8,5,14
1874,0,61,15
1875,1,8,17
1876,3,17,19
1877,4,22,10
1878,2,41,5
1879,1,11,14
1880,1,16,17
1881,9,27,8
1882,5,9,2
1883,5,54,12
1884,1,14,17
1885,2,32,0
1886,2,32,0
1887,7,48,3
1888,4,40,10
1889,1,15,17
1890,5,9,2
1891,8,3,7
1892,4,38,4
1893,4,22,10
1894,0,60,16
1895,5,63,2
1896,0,58,15
1897,5,9,2
1898,9,35,16
1899,1,14,17
1900,4,20,18
1901,8,4,7
1902,8,39,11
1903,5,9,2
1904,1,12,14
1905,0,38,4
1906,2,32,0
1907,4,37,4
1908,9,51,16
1909,6,49,13
1910,4,22,10
1911,0,33,4
1912,1,14,17
1913,2,44,3
1914,9,50,8
1915,4,32,0
1916,5,58,15
1917,7,4,11
1918,9,27,8
1919,4,23,10
1920,1,12,17
1921,2,45,5
1922,1,16,17
1923,4,32,0
1924,9,26,8
1925,5,62,2
1926,5,9,2
1927,4,32,10
1928,8,55,11
1929,3,19,18
1930,1,13,14
1931,4,47,10
1932,6,49,13
1933,4,32,0
1934,3,18,19
1935,4,22,10
1936,4,32,0
1937,1,14,2
1938,7,2,7
1939,5,62,2
1940,5,63,3
1941,1,16,17
1942,4,32,0
1943,1,16,17
1944,6,17,19
1945,0,45,3
1946,6,60,13
1947,5,8,2
1948,8,1,7
1949,5,8,6
1950,7,42,1
1951,9,26,8
1952,6,53,13
1953,2,32,0
1954,6,53,6
1955,3,20,18
1956,2,40,5
1957,0,60,16
1958,1,11,14
1959,0,60,15
1960,5,10,2
1961,7,4,3
1962,6,55,11
1963,9,35,16
1964,4,25,10
1965,6,49,13
1966,0,34,4
1967,4,21,18
1968,1,15,14
1969,1,11,14
1970,4,37,4
1971,9,33,16
1972,5,64,2
1973,2,32,0
1974,1,14,17
1975,9,27,8
1976,6,56,13
1977,4,38,4
1978,6,5,11
1979,4,22,10
1980,1,16,17
1981,2,32,0
1982,6,57,11
1983,1,12,14
1984,1,8,2
1985,7,1,7
1986,4,37,10
1987,2,39,5
1988,1,10,17
1989,4,32,0
1990,9,33,16
1991,0,49,16
1992,9,50,8
1993,9,36,9
1994,6,49,13
1995,6,48,12
1996,8,3,7
1997,9,27,8
1998,5,9,2
1999,7,47,3
2000,6,57,11
2001,3,20,18
2002,0,30,15
2003,4,28,10
2004,7,43,1
2005,3,18,19
2006,4,25,10
2007,0,44,3
2008,5,64,2
2009,9,49,16
2010,1,11,14
2011,8,52,12
2012,8,12,14
2013,7,42,1
2014,7,44,3
2015,1,11,14
2016,8,2,7
2017,6,51,11
2018,5,9,2
2019,3,19,19
2020,1,15,17
2021,2,39,5
2022,1,11,14
2023,1,15,14
2024,9,31,9
2025,8,4,11
2026,0,44,3
2027,6,6,6
2028,2,32,0
2029,6,31,12
2030,5,9,2
2031,6,17,13
2032,2,41,5
2033,4,21,10
2034,4,36,4
2035,8,2,12
2036,9,27,8
2037,4,22,10
2038,5,9,2
2039,5,63,15
2040,3,19,19
2041,1,14,17
2042,8,3,7
2043,3,18,19
2044,4,36,4
2045,4,25,10
2046,6,61,12
2047,1,6,6
2048,2,32,0
2049,4,38,4
2050,6,57,6
2051,8,55,11
2052,3,19,18
2053,4,25,10
2054,1,13,14
2055,5,63,3
2056,8,3,7
2057,3,19,19
2058,3,17,19
2059,5,64,2
2060,8,55,11
2061,4,32,0
2062,2,34,16
2063,1,11,14
2064,5,59,15
2065,6,57,13
2066,2,40,5
2067,0,30,9
2068,8,2,7
2069,0,36,15
2070,6,56,13
2071,8,6,6
2072,0,30,9
2073,1,10,17
2074,2,41,5
2075,3,19,18
2076,3,21,18
2077,1,11,14
2078,6,52,13
2079,7,39,5
2080,0,33,15
2081,4,22,10
2082,6,50,11
2083,6,57,13
2084,5,6,6
2085,9,27,8
2086,3,20,18
2087,2,32,0
2088,7,62,7
2089,0,47,4
2090,8,2,7
2091,7,48,3
2092,1,14,17
2093,2,32,0
2094,0,33,3
2095,3,18,19
2096,7,62,3
2097,6,51,11
2098,8,3,11
2099,2,32,0
2100,6,52,12
2101,7,47,1
2102,1,14,17
2103,3,17,19
2104,4,36,10
2105,1,16,17
2106,1,7,6
2107,9,35,16
2108,9,35,16
2109,1,13,17
2110,8,2,12
2111,4,25,10
2112,6,49,13
2113,2,32,0
2114,8,1,7
2115,9,50,13
2116,1,11,14
2117,4,20,18
2118,0,54,15
2119,8,3,14
2120,8,55,11
2121,0,38,4
2122,1,6,6
2123,4,29,10
2124,5,9,2
2125,8,2,7
2126,7,42,1
2127,6,52,12
2128,2,32,0
2129,8,5,11
2130,4,32,0
2131,8,1,7
2132,7,42,1
2133,4,22,10
2134,9,31,9
2135,9,35,16
2136,6,51,8
2137,7,43,1
2138,2,43,5
2139,9,36,8
2140,5,9,2
2141,4,32,0
2142,6,56,13
2143,7,39,3
2144,4,23,10
2145,7,2,7
2146,7,1,7
2147,6,50,13
2148,8,2,14
2149,2,32,0
2150,4,23,10
2151,4,32,0
2152,4,22,10
2153,1,13,14
2154,0,61,15
2155,4,23,10
2156,8,2,7
2157,5,65,6
2158,5,57,6
2159,4,37,4
2160,4,36,10
2161,9,49,16
2162,5,2,12
2163,2,39,5
2164,8,3,7
2165,8,3,14
2166,8,51,11
2167,2,43,1
2168,6,53,6
2169,4,27,10
2170,0,48,9
2171,0,59,15
2172,1,13,17
2173,5,10,6
2174,6,49,13
2175,8,5,14
2176,5,64,6
2177,5,6,6
2178,6,49,13
2179,6,49,13
2180,8,3,7
2181,1,16,17
2182,4,22,10
2183,3,20,18
2184,3,20,18
2185,5,9,2
2186,8,1,7
2187,6,55,11
2188,6,53,6
2189,3,17,19
2190,8,57,11
2191,6,50,13
2192,8,5,7
2193,3,17,19
2194,7,1,1
2195,7,1,7
2196,3,19,19
2197,9,50,16
2198,9,31,8
2199,3,19,19
2200,2,43,5
2201,7,44,3
2202,9,27,8
2203,8,2,14
2204,4,25,10
2205,1,14,17
2206,6,56,13
2207,2,32,0
2208,6,6,6
2209,4,25,10
2210,4,22,10
2211,5,65,2
2212,3,18,19
2213,2,32,0
2214,9,26,9
2215,8,57,11
2216,4,25,10
2217,4,32,10
2218,4,32,0
2219,6,6,6
2220,9,35,16
2221,6,62,6
2222,9,31,12
2223,1,16,14
2224,2,44,1
2225,1,8,17
2226,6,50,13
2227,7,4,3
2228,7,39,5
2229,9,27,8
2230,9,35,16
2231,5,9,2
2232,8,11,14
2233,6,54,12
2234,4,37,10
2235,9,27,8
2236,9,50,13
2237,5,52,12
2238,9,35,16
2239,8,3,7
2240,7,62,7
2241,4,38,4
2242,8,13,14
2243,0,59,15
2244,1,8,17
2245,4,22,10
2246,5,8,6
2247,5,9,2
2248,9,36,9
2249,2,32,0
2250,2,32,0
2251,5,9,2
2252,4,25,10
2253,2,40,5
2254,7,1,7
2255,5,48,12
2256,6,52,12
2257,4,29,8
2258,8,2,12
2259,5,9,2
2260,9,50,8
2261,6,57,11
2262,8,3,7
2263,8,5,14
2264,8,2,12
2265,7,1,7
2266,9,49,13
2267,4,36,4
2268,4,27,10
2269,4,20,18
2270,7,48,7
2271,1,8,17
2272,5,63,6
2273,2,30,5
2274,2,44,1
2275,3,20,18
2276,6,49,16
2277,9,27,8
2278,3,17,19
2279,5,63,2
2280,9,35,16
2281,0,61,15
2282,8,1,7
2283,3,19,19
2284,7,42,1
2285,9,35,16
2286,3,20,18
2287,4,33,4
2288,5,10,2
2289,9,36,4
2290,6,52,12
2291,2,45,5
2292,2,32,0
2293,5,58,2
2294,0,30,4
2295,4,25,10
2296,9,32,0
2297,0,33,3
2298,3,17,19
2299,7,42,1
2300,7,45,3
2301,4,36,4
2302,8,3,14
2303,1,8,17
2304,1,16,17
2305,9,27,8
2306,9,29,8
2307,6,6,6
2308,3,40,19
2309,0,60,9
2310,0,60,9
2311,4,32,0
2312,2,40,10
2313,7,44,1
2314,3,19,19
2315,4,25,10
2316,6,52,12
2317,3,18,19
2318,4,36,10
2319,2,45,9
2320,9,27,8
2321,6,52,12
2322,6,49,13
2323,5,8,6
2324,0,60,15
2325,3,19,18
2326,2,40,5
2327,2,39,5
2328,4,32,10
2329,4,37,10
2330,7,62,1
2331,9,49,16
2332,0,38,4
2333,6,49,13
2334,5,65,12
2335,0,44,4
2336,4,37,10
2337,2,39,5
2338,5,62,2
2339,4,25,10
2340,5,9,2
2341,3,17,19
2342,7,62,3
2343,4,25,10
2344,8,2,7
2345,0,38,4
2346,2,39,5
2347,7,46,3
2348,5,63,2
2349,5,63,3
2350,6,48,11
2351,6,61,6
2352,4,23,10
2353,5,6,6
2354,7,42,1
2355,0,30,15
2356,4,38,4
2357,4,22,10
2358,3,20,18
2359,3,20,18
2360,0,36,9
2361,4,25,10
2362,9,17,16
2363,2,32,0
2364,4,25,10
2365,0,46,4
2366,2,41,5
2367,2,41,5
2368,9,60,16
2369,2,34,5
2370,0,63,15
2371,9,26,8
2372,9,49,13
2373,4,37,10
2374,8,5,14
2375,2,32,0
2376,1,10,6
2377,7,46,3
2378,6,51,11
2379,9,33,16
2380,1,7,14
2381,4,20,18
2382,3,17,19
2383,1,7,12
2384,2,35,5
2385,4,35,16
2386,2,28,8
2387,6,49,13
2388,2,46,3
2389,5,10,2
2390,9,27,8
2391,6,57,3
2392,3,19,18
2393,5,62,2
2394,7,48,5
2395,1,5,6
2396,9,49,16
2397,0,33,4
2398,0,60,16
2399,4,32,0
2400,2,47,3
2401,6,57,3
2402,1,8,17
2403,8,3,7
2404,8,57,6
2405,9,30,9
2406,9,60,9
2407,0,58,15
2408,4,41,16
2409,0,63,12
2410,0,60,16
2411,1,8,17
2412,2,46,4
2413,4,25,10
2414,1,2,14
2415,3,32,0
2416,4,21,10
2417,9,36,9
2418,9,29,8
2419,1,7,14
2420,7,46,3
2421,7,62,1
2422,4,25,10
2423,9,29,8
2424,8,1,7
2425,6,51,13
2426,0,33,4
2427,3,17,19
2428,9,36,9
2429,8,5,6
2430,2,31,5
2431,9,33,16
2432,7,44,3
2433,2,40,5
2434,2,40,5
2435,8,3,7
2436,1,15,17
2437,6,57,3
2438,6,52,12
2439,2,26,8
2440,4,20,10
2441,4,25,10
2442,4,25,10
2443,4,29,10
2444,4,28,10
2445,7,1,7
2446,1,16,17
2447,4,36,9
2448,6,61,6
2449,2,32,0
2450,9,35,16
2451,2,30,5
2452,2,41,5
2453,1,7,14
2454,8,2,14
2455,7,42,1
2456,1,13,14
2457,8,12,14
2458,8,2,7
2459,6,51,13
2460,0,45,3
2461,6,56,11
2462,1,8,17
2463,7,46,3
2464,0,60,16
2465,5,9,2
2466,7,62,1
2467,2,40,5
2468,8,5,7
2469,7,57,3
2470,4,25,10
2471,2,32,0
2472,1,15,17
2473,2,32,0
2474,2,34,16
2475,4,23,10
2476,0,60,4
2477,0,59,15
2478,5,9,2
2479,2,47,5
2480,3,17,19
2481,5,58,15
2482,4,36,8
2483,4,37,4
2484,1,11,17
2485,6,6,6
2486,0,61,15
2487,0,33,9
2488,4,25,10
2489,1,7,14
2490,4,32,0
2491,2,39,5
2492,5,63,12
2493,7,44,1
2494,9,27,8
2495,4,29,10
2496,5,8,2
2497,0,30,9
2498,4,37,4
2499,3,20,18
2500,2,39,5
2501,5,61,6
2502,4,25,10
2503,7,48,3
2504,8,3,14
2505,2,40,5
2506,6,54,12
2507,1,14,17
2508,3,18,18
2509,2,46,3
2510,7,44,3
2511,2,36,9
2512,4,33,4
2513,9,31,9
2514,4,37,4
2515,7,44,1
2516,9,27,8
2517,9,36,8
2518,2,25,10
2519,2,40,5
2520,4,37,4
2521,8,4,7
2522,7,46,3
2523,5,8,6
2524,0,36,4
2525,9,36,9
2526,0,59,15
2527,2,46,3
2528,9,34,16
2529,1,16,17
2530,3,19,18
2531,4,29,10
2532,4,25,4
2533,9,26,8
2534,4,36,4
2535,9,60,16
2536,9,27,8
2537,1,14,17
2538,2,45,5
2539,7,46,3
2540,6,51,13
2541,9,31,8
2542,4,32,0
2543,0,33,16
2544,1,14,2
2545,9,33,16
2546,0,59,15
2547,5,58,15
2548,3,18,19
2549,2,40,10
2550,5,65,15
2551,3,40,19
2552,7,48,12
2553,2,41,5
2554,9,35,16
2555,5,9,2
2556,4,25,10
2557,9,49,16
2558,2,43,5
2559,8,11,14
2560,9,35,16
2561,0,54,15
2562,8,1,7
2563,9,35,16
2564,6,52,12
2565,6,52,12
2566,8,12,14
2567,1,15,17
2568,3,18,19
2569,4,32,0
2570,6,49,13
2571,7,48,3
2572,5,8,6
2573,8,4,7
2574,0,36,4
2575,8,5,7
2576,8,1,7
2577,3,20,18
2578,0,34,16
2579,0,59,15
2580,9,31,9
2581,5,10,2
2582,4,36,10
2583,8,3,7
2584,4,25,10
2585,5,63,15
2586,0,59,4
2587,2,41,5
2588,4,27,8
2589,5,10,6
2590,7,47,5
2591,5,4,3
2592,5,8,2
2593,5,65,15
2594,8,4,11
2595,8,5,11
2596,9,26,8
2597,9,29,9
2598,7,46,3
2599,8,3,7
2600,9,49,16
2601,4,32,0
2602,4,33,4
2603,6,51,13
2604,6,61,12
2605,5,62,2
2606,0,36,9
2607,0,61,15
2608,5,61,15
2609,0,60,15
2610,2,32,0
2611,1,15,17
2612,9,50,16
2613,4,36,10
2614,2,33,16
2615,6,49,13
2616,0,60,16
2617,6,49,13
2618,2,32,0
2619,5,64,2
2620,8,1,7
2621,8,5,11
2622,4,29,10
2623,4,29,10
2624,1,8,17
2625,2,47,5
2626,9,35,18
2627,1,14,2
2628,0,60,16
2629,8,5,14
2630,3,18,19
2631,9,36,9
2632,4,25,10
2633,3,20,18
2634,5,53,6
2635,4,32,0
2636,6,56,13
2637,3,18,19
2638,1,16,17
2639,9,50,16
2640,4,20,10
2641,1,15,17
2642,6,56,13
2643,5,8,2
2644,2,32,0
2645,1,11,14
2646,2,51,5
2647,4,25,10
2648,5,30,12
2649,6,48,12
2650,0,33,9
2651,7,1,7
2652,9,36,9
2653,3,20,18
2654,9,49,13
2655,3,19,19
2656,6,51,5
2657,6,49,13
2658,6,49,13
2659,5,9,2
2660,9,29,8
2661,9,31,9
2662,0,32,0
2663,6,52,13
2664,1,7,14
2665,1,16,17
2666,6,61,13
2667,4,29,4
2668,5,8,6
2669,6,61,13
2670,5,9,2
2671,2,32,0
2672,2,45,3
2673,4,25,10
2674,9,54,16
2675,2,43,5
2676,0,60,15
2677,2,41,5
2678,7,44,1
2679,1,14,17
2680,6,54,12
2681,6,31,12
2682,2,43,5
2683,1,16,14
2684,5,53,6
2685,5,64,2
2686,4,20,10
2687,4,34,10
2688,6,6,6
2689,5,6,6
2690,0,33,16
2691,1,8,17
2692,6,55,11
2693,0,59,15
2694,2,40,5
2695,0,58,15
2696,4,25,10
2697,3,18,18
2698,9,36,4
2699,0,30,15
2700,6,56,13
2701,2,41,5
2702,4,23,10
2703,0,59,15
2704,0,33,15
2705,2,40,16
2706,9,45,9
2707,4,21,18
2708,3,20,18
2709,4,32,0
2710,4,22,10
2711,2,44,1
2712,2,39,5
2713,4,22,10
2714,2,32,0
2715,7,48,3
2716,2,38,4
2717,2,49,16
2718,9,26,8
2719,0,59,4
2720,2,40,5
2721,9,29,8
2722,2,44,5
2723,9,31,9
2724,9,26,8
2725,2,32,0
2726,5,64,15
2727,7,42,1
2728,7,48,1
2729,2,46,3
2730,5,8,6
2731,1,14,17
2732,2,40,5
2733,0,60,16
2734,9,26,8
2735,3,20,18
2736,0,59,15
2737,6,53,12
2738,9,35,16
2739,3,20,18
2740,7,1,7
2741,2,41,5
2742,7,48,1
2743,6,55,11
2744,2,40,0
2745,8,5,7
2746,9,31,9
2747,6,54,12
2748,8,3,7
2749,7,4,7
2750,5,54,12
2751,9,31,9
2752,5,10,6
2753,5,9,2
2754,9,31,12
2755,4,35,10
2756,8,12,14
2757,0,59,15
2758,9,50,9
2759,2,40,16
2760,0,61,15
2761,1,8,17
2762,7,46,3
2763,3,17,18
2764,5,9,2
2765,1,8,14
2766,5,30,12
2767,4,34,10
2768,6,57,6
2769,5,30,12
2770,2,32,0
2771,1,11,14
2772,8,2,7
2773,0,61,15
2774,1,13,6
2775,4,25,10
2776,6,52,6
2777,1,11,14
2778,9,54,9
2779,0,59,15
2780,3,18,19
2781,5,8,6
2782,9,27,8
2783,7,44,1
2784,5,57,6
2785,9,31,9
2786,1,15,17
2787,1,6,6
2788,0,59,15
2789,7,1,7
2790,5,62,7
2791,4,38,4
2792,8,5,14
2793,1,16,17
2794,5,64,6
2795,7,44,1
2796,1,16,14
2797,2,32,0
2798,0,59,15
2799,9,36,9
2800,9,26,8
2801,3,17,19
2802,3,17,19
2803,5,61,15
2804,7,1,7
2805,0,59,15
2806,6,57,3
2807,5,58,15
2808,7,62,1
2809,5,64,6
2810,6,52,11
2811,4,38,4
2812,8,2,11
2813,4,25,10
2814,8,5,11
2815,9,41,16
2816,2,46,5
2817,8,5,11
2818,1,15,14
2819,4,22,10
2820,5,10,2
2821,2,32,0
2822,4,25,10
2823,9,49,16
2824,8,55,11
2825,0,60,15
2826,5,58,15
2827,2,40,5
2828,3,17,16
2829,4,25,10
2830,5,63,3
2831,6,61,13
2832,5,61,15
2833,3,19,18
2834,4,25,10
2835,4,32,0
2836,3,19,18
2837,1,13,14
2838,0,61,15
2839,3,19,19
2840,8,55,14
2841,5,6,6
2842,2,34,13
2843,4,32,0
2844,6,57,11
2845,7,42,1
2846,6,54,12
2847,1,15,14
2848,8,2,7
2849,5,58,15
2850,2,40,5
2851,3,19,18
2852,2,47,5
2853,9,31,9
2854,5,10,6
2855,3,35,16
2856,0,60,16
2857,8,3,14
2858,4,29,8
2859,6,53,6
2860,5,9,2
2861,3,18,19
2862,5,63,3
2863,9,35,16
2864,3,18,19
2865,6,17,12
2866,1,8,2
2867,4,22,10
2868,8,3,7
2869,4,25,10
2870,6,56,13
2871,4,23,10
2872,1,6,6
2873,8,52,12
2874,0,59,4
2875,7,44,1
2876,8,1,7
2877,2,40,5
2878,1,8,17
2879,9,33,16
2880,1,8,17
2881,3,17,19
2882,9,27,8
2883,3,17,19
2884,4,25,10
2885,6,31,12
2886,2,41,5
2887,1,16,14
2888,1,12,14
2889,5,65,2
2890,7,1,7
2891,3,18,19
2892,7,45,3
2893,2,40,9
2894,7,39,5
2895,1,15,17
2896,8,11,14
2897,8,62,7
2898,6,57,11
2899,8,12,14
2900,1,15,14
2901,5,64,2
2902,9,35,8
2903,8,5,11
2904,9,35,16
2905,8,62,7
2906,7,42,1
2907,1,11,14
2908,4,23,10
2909,1,16,17
2910,2,40,5
2911,6,49,13
2912,4,20,18
2913,5,10,12
2914,9,31,9
2915,5,64,6
2916,9,54,9
2917,0,61,15
2918,1,6,6
2919,8,1,7
2920,2,32,0
2921,7,42,1
2922,2,45,5
2923,2,45,9
2924,3,17,19
2925,4,22,10
2926,6,55,11
2927,7,45,3
2928,1,8,17
2929,1,15,17
2930,4,35,4
2931,8,55,11
2932,2,41,16
2933,6,6,6
2934,8,2,14
2935,7,42,1
2936,4,25,4
2937,6,56,13
2938,8,2,7
2939,5,8,6
2940,3,41,19
2941,8,2,7
2942,0,59,15
2943,7,62,3
2944,6,54,12
2945,9,49,16
2946,8,3,14
2947,6,53,13
2948,4,25,10
2949,3,18,19
2950,9,29,8
2951,6,54,13
2952,5,61,15
2953,3,18,19
2954,3,20,18
2955,5,6,6
2956,2,43,5
2957,5,57,6
2958,3,18,19
2959,3,20,19
2960,0,61,15
2961,2,32,0
2962,5,62,2
2963,0,60,15
2964,0,59,15
2965,0,33,16
2966,1,13,14
2967,5,9,2
2968,6,52,11
2969,8,5,7
2970,6,56,13
2971,4,25,10
2972,6,55,11
2973,3,18,19
2974,6,6,6
2975,0,59,15
2976,9,30,9
2977,4,21,18
2978,0,59,15
2979,9,28,8
2980,6,63,12
2981,9,60,16
2982,4,37,4
2983,2,41,5
2984,2,32,0
2985,8,2,7
2986,1,7,6
2987,6,49,13
2988,3,18,19
2989,7,48,1
2990,5,9,2
2991,0,59,15
2992,4,22,10
2993,6,57,3
2994,8,2,7
2995,8,3,7
2996,8,11,14
2997,6,52,6
2998,9,36,8
2999,4,28,10
3000,8,62,7
3001,8,11,14
3002,5,54,6
3003,7,42,1
3004,6,60,13
3005,7,62,1
3006,6,17,11
3007,6,51,11
3008,2,43,5
3009,4,25,10
3010,7,42,1
3011,7,62,3
3012,8,3,7
3013,5,7,12
3014,6,52,12
3015,4,25,10
3016,2,41,1
3017,6,6,6
3018,1,16,17
3019,2,32,0
3020,0,58,15
3021,9,36,16
3022,8,3,7
3023,3,18,19
3024,8,1,7
3025,0,30,9
3026,9,31,12
3027,2,34,16
3028,8,2,7
3029,1,16,17
3030,9,35,16
3031,1,7,6
3032,8,2,14
3033,8,11,14
3034,9,21,18
3035,6,56,13
3036,0,59,15
3037,9,49,16
3038,7,48,3
3039,4,37,10
3040,2,43,5
3041,6,17,19
3042,9,49,13
3043,4,22,10
3044,8,2,14
3045,5,62,7
3046,3,18,19
3047,7,46,3
3048,8,3,7
3049,4,29,4
3050,7,44,1
3051,8,11,14
3052,4,44,4
3053,0,61,15
3054,5,10,2
3055,8,2,7
3056,8,3,14
3057,6,6,6
3058,8,13,6
3059,0,33,15
3060,4,41,16
3061,2,45,3
3062,2,17,5
3063,2,45,5
3064,2,17,5
3065,6,7,6
3066,6,51,13
3067,1,16,14
3068,0,33,16
3069,8,55,11
3070,0,38,4
3071,3,19,18
3072,0,30,9
3073,7,4,3
3074,6,57,11
3075,5,10,2
3076,4,41,10
3077,7,42,1
3078,0,38,4
3079,6,61,13
3080,1,14,17
3081,1,12,14
3082,1,7,6
3083,2,40,9
3084,4,22,10
3085,8,1,7
3086,6,56,13
3087,6,52,12
3088,9,60,16
3089,2,40,5
3090,7,44,3
3091,6,57,13
3092,7,44,1
3093,0,54,15
3094,3,17,19
3095,9,26,8
3096,7,48,1
3097,9,60,16
3098,6,17,13
3099,8,2,7
3100,6,49,13
3101,8,12,14
3102,3,17,19
3103,4,22,0
3104,2,34,16
3105,7,62,1
3106,0,60,16
3107,2,30,5
3108,1,8,17
3109,4,22,10
3110,5,9,2
3111,4,29,8
3112,5,6,6
3113,4,25,10
3114,9,31,8
3115,2,40,0
3116,8,5,11
3117,0,33,16
3118,1,16,17
3119,7,1,7
3120,3,19,19
3121,8,57,11
3122,4,37,10
3123,7,62,1
3124,4,32,10
3125,1,11,14
3126,6,39,11
3127,9,35,16
3128,5,10,6
3129,1,11,14
3130,6,49,13
3131,0,60,4
3132,4,22,10
3133,4,22,10
3134,8,5,11
3135,0,33,16
3136,7,62,1
3137,3,19,18
3138,8,2,12
3139,0,36,4
3140,8,2,7
3141,2,39,5
3142,5,61,15
3143,6,53,6
3144,4,22,10
3145,5,30,12
3146,0,60,15
3147,6,57,11
3148,5,6,6
3149,4,22,10
3150,3,19,18
3151,8,5,7
3152,4,22,10
3153,9,31,8
3154,6,57,11
3155,7,63,3
3156,2,39,5
3157,8,3,7
3158,8,13,14
3159,5,6,6
3160,7,44,1
3161,5,64,6
3162,2,39,5
3163,1,16,17
3164,3,19,19
3165,2,40,5
3166,6,57,3
3167,8,8,6
3168,4,20,18
3169,7,1,1
3170,5,63,12
3171,0,38,4
3172,6,57,13
3173,7,42,1
3174,6,51,13
3175,0,60,16
3176,4,21,10
3177,6,50,13
3178,8,3,7
3179,4,19,18
3180,1,14,6
3181,0,38,4
3182,1,11,14
3183,7,63,3
3184,9,60,16
3185,6,50,13
3186,4,37,4
3187,0,38,4
3188,4,21,10
3189,8,11,14
3190,2,50,5
3191,8,1,7
3192,8,11,14
3193,6,57,11
3194,3,18,18
3195,8,13,6
3196,6,48,12
3197,9,36,16
3198,4,47,4
3199,8,39,11
3200,6,49,13
3201,5,8,2
3202,6,51,11
3203,6,53,11
3204,9,31,9
3205,1,11,14
3206,3,17,19
3207,6,50,13
3208,1,11,14
3209,2,39,5
3210,0,60,16
3211,0,61,15
3212,9,21,16
3213,6,56,11
3214,4,36,10
3215,9,27,8
3216,5,10,6
3217,5,65,12
3218,3,19,18
3219,6,51,11
3220,0,59,15
3221,7,39,5
3222,2,40,16
3223,3,18,19
3224,1,16,17
3225,9,36,4
3226,5,64,15
3227,1,6,6
3228,8,4,7
3229,6,61,13
3230,8,1,11
3231,5,63,3
3232,9,27,8
3233,0,61,15
3234,4,37,10
3235,3,18,19
3236,4,25,10
3237,9,60,16
3238,0,36,4
3239,9,35,8
3240,6,56,13
3241,4,24,10
3242,7,1,7
3243,8,11,14
3244,4,21,10
3245,4,22,10
3246,9,51,16
3247,2,45,5
3248,0,61,15
3249,0,61,15
3250,6,56,13
3251,0,59,4
3252,3,18,19
3253,0,54,15
3254,9,36,8
3255,4,29,8
3256,6,57,11
3257,5,4,3
3258,9,36,4
3259,1,16,17
3260,1,15,17
3261,1,6,6
3262,9,27,8
3263,7,1,3
3264,4,22,10
3265,1,11,14
3266,5,64,6
3267,6,56,19
3268,6,57,11
3269,8,6,6
3270,5,8,2
3271,1,7,6
3272,1,16,17
3273,0,36,4
3274,7,2,7
3275,4,25,10
3276,9,49,16
3277,5,6,6
3278,4,36,4
3279,7,4,3
3280,1,16,17
3281,8,3,14
3282,4,38,4
3283,7,62,1
3284,0,60,16
3285,1,11,17
3286,4,25,10
3287,4,25,4
3288,0,33,16
3289,4,33,4
3290,3,17,19
3291,4,25,10
3292,5,9,2
3293,2,24,0
3294,6,57,3
3295,3,18,19
3296,3,17,19
3297,6,51,11
3298,3,20,18
3299,5,10,6
3300,1,8,2
3301,0,61,15
3302,6,57,11
3303,4,36,4
3304,5,65,2
3305,6,49,13
3306,0,59,15
3307,4,25,10
3308,8,12,14
3309,1,13,14
3310,6,49,13
3311,1,11,14
3312,1,11,14
3313,1,15,17
3314,8,8,7
3315,8,55,11
3316,7,46,3
3317,8,62,7
3318,0,59,15
3319,4,36,4
3320,1,2,14
3321,0,63,9
3322,9,33,16
3323,0,61,15
3324,2,44,4
3325,4,20,18
3326,4,32,0
3327,1,15,14
3328,9,26,8
3329,0,59,15
3330,3,19,18
3331,6,52,6
3332,3,18,19
3333,6,57,11
3334,6,49,13
3335,9,31,9
3336,1,16,17
3337,6,17,19
3338,9,31,9
3339,6,6,6
3340,6,57,11
3341,6,56,13
3342,3,18,19
3343,4,24,10
3344,0,61,15
3345,7,48,12
3346,5,58,15
3347,9,35,16
3348,9,29,9
3349,8,39,11
3350,9,50,8
3351,3,20,18
3352,4,23,10
3353,8,3,14
3354,7,44,1
3355,0,40,16
3356,5,9,2
3357,6,50,13
3358,8,5,14
3359,0,61,13
3360,9,29,8
3361,8,4,7
3362,9,27,8
3363,6,54,12
3364,9,26,8
3365,8,2,12
3366,2,45,5
3367,0,58,15
3368,8,57,7
3369,0,33,15
3370,8,8,6
3371,5,9,2
3372,4,37,4
3373,2,41,5
3374,0,61,15
3375,4,22,10
3376,3,17,18
3377,2,41,5
3378,8,2,12
3379,3,19,18
3380,5,14,2
3381,4,22,10
3382,9,27,8
3383,2,40,4
3384,0,30,9
3385,4,24,10
3386,6,56,13
3387,6,57,6
3388,4,36,10
3389,1,16,17
3390,0,30,15
3391,1,16,17
3392,9,49,16
3393,5,8,2
3394,5,9,2
3395,3,18,19
3396,2,45,5
3397,0,38,4
3398,9,35,16
3399,8,5,11
3400,8,3,7
3401,1,16,17
3402,5,58,2
3403,8,3,7
3404,2,40,5
3405,9,35,16
3406,9,36,9
3407,9,35,16
3408,8,4,7
3409,2,41,5
3410,1,14,17
3411,1,15,17
3412,8,11,14
3413,5,61,15
3414,8,3,14
3415,8,13,6
3416,8,3,14
3417,0,59,4
3418,6,54,13
3419,8,62,7
3420,5,6,6
3421,4,36,4
3422,1,7,14
3423,1,13,14
3424,6,51,13
3425,1,15,17
3426,0,63,3
3427,2,34,16
3428,0,65,15
3429,4,35,18
3430,1,10,17
3431,7,45,3
3432,7,48,12
3433,6,57,3
3434,8,55,11
3435,5,65,2
3436,8,57,7
3437,9,31,9
3438,6,50,19
3439,7,48,3
3440,9,49,16
3441,8,55,11
3442,8,62,7
3443,2,44,1
3444,9,36,4
3445,7,62,3
3446,4,23,10
3447,8,62,11
3448,2,41,5
3449,5,62,3
3450,6,55,11
3451,9,50,8
3452,5,6,6
3453,1,8,17
3454,8,55,14
3455,4,36,10
3456,7,42,1
3457,6,56,13
3458,9,27,8
3459,2,40,5
3460,0,59,15
3461,7,46,3
3462,1,11,17
3463,9,36,9
3464,6,55,11
3465,7,48,3
3466,0,33,16
3467,0,60,15
3468,0,38,4
3469,1,16,17
3470,6,50,13
3471,1,11,17
3472,0,63,15
3473,6,31,12
3474,5,64,2
3475,1,14,17
3476,5,65,2
3477,9,26,8
3478,4,38,4
3479,6,57,11
3480,2,40,5
3481,5,64,6
3482,7,62,7
3483,1,16,17
3484,8,2,7
3485,0,33,4
3486,4,28,8
3487,5,10,6
3488,4,25,10
3489,8,2,12
3490,5,9,2
3491,1,11,14
3492,4,36,4
3493,8,4,7
3494,3,19,19
3495,4,21,18
3496,9,27,8
3497,3,19,19
3498,6,51,13
3499,8,3,14
3500,7,63,3
3501,5,9,15
3502,6,49,13
3503,1,15,17
3504,6,56,13
3505,0,36,4
3506,6,57,6
3507,1,16,17
3508,7,42,1
3509,1,11,14
3510,7,48,1
3511,7,62,7
3512,1,13,14
3513,1,15,14
3514,0,61,15
3515,0,59,15
3516,7,42,1
3517,6,48,12
3518,5,6,6
3519,1,7,14
3520,5,6,6
3521,5,9,2
3522,7,39,5
3523,7,4,3
3524,6,17,13
3525,6,50,13
3526,1,11,14
3527,2,24,10
3528,4,23,10
3529,7,62,7
3530,4,24,10
3531,0,60,9
3532,6,49,13
3533,9,49,13
3534,7,46,3
3535,2,46,3
3536,6,51,11
3537,4,22,10
3538,6,56,13
3539,1,16,17
3540,8,5,14
3541,0,33,16
3542,4,22,10
3543,0,38,4
3544,4,25,10
3545,4,37,10
3546,5,9,2
3547,5,65,2
3548,4,22,10
3549,9,36,9
3550,1,13,17
3551,9,35,16
3552,4,22,10
3553,2,39,5
3554,0,30,9
3555,7,45,5
3556,8,3,7
3557,1,13,14
3558,1,11,14
3559,9,31,9
3560,5,6,6
3561,6,53,12
3562,1,11,14
3563,5,10,6
3564,7,39,11
3565,7,39,11
3566,0,33,15
3567,5,64,2
3568,7,62,1
3569,8,2,6
3570,4,25,10
3571,3,18,19
3572,0,54,9
3573,7,44,1
3574,4,24,10
3575,4,23,10
3576,5,8,2
3577,9,29,8
3578,1,7,6
3579,7,1,7
3580,7,39,5
3581,7,43,1
3582,2,40,5
3583,4,29,10
3584,9,34,16
3585,0,30,9
3586,0,30,9
3587,4,25,10
3588,5,4,2
3589,8,3,14
3590,1,16,17
3591,6,55,11
3592,5,10,6
3593,9,31,8
3594,8,3,14
3595,2,40,9
3596,0,59,15
3597,2,48,9
3598,4,25,10
3599,8,39,11
3600,1,7,6
3601,5,65,12
3602,0,30,12
3603,8,47,7
3604,9,27,8
3605,6,57,11
3606,9,49,16
3607,8,3,7
3608,9,27,8
3609,6,51,11
3610,8,11,14
3611,5,65,12
3612,8,5,14
3613,9,34,16
3614,8,2,11
3615,0,59,15
3616,2,46,5
3617,7,44,3
3618,1,16,17
3619,3,18,19
3620,1,11,14
3621,5,8,2
3622,5,65,2
3623,4,37,10
3624,1,15,14
3625,8,55,11
3626,1,11,14
3627,4,24,10
3628,3,19,18
3629,0,59,4
3630,8,5,11
3631,7,46,3
3632,4,20,18
3633,4,38,10
3634,4,22,10
3635,0,30,4
3636,0,33,16
3637,3,18,19
3638,7,17,5
3639,9,31,9
3640,4,24,10
3641,1,15,17
3642,4,25,10
3643,8,11,14
3644,9,35,16
3645,7,62,3
3646,7,44,1
3647,4,40,4
3648,1,11,14
3649,0,36,9
3650,1,16,17
3651,8,4,2
3652,8,2,14
3653,8,62,7
3654,8,3,14
3655,2,45,3
3656,4,24,10
3657,2,41,5
3658,5,62,2
3659,6,56,13
3660,7,42,1
3661,7,4,7
3662,4,25,10
3663,7,39,3
3664,9,54,12
3665,8,3,7
3666,7,46,3
3667,4,28,10
3668,0,33,4
3669,1,11,14
3670,4,24,10
3671,8,5,7
3672,7,48,12
3673,5,10,6
3674,5,63,2
3675,1,16,17
3676,7,62,1
3677,2,41,5
3678,7,42,1
3679,1,16,14
3680,9,33,16
3681,1,11,14
3682,0,38,9
3683,1,14,17
3684,8,5,11
3685,1,15,17
3686,0,61,15
3687,6,52,13
3688,5,9,2
3689,6,51,13
3690,6,55,11
3691,8,11,14
3692,2,47,5
3693,1,15,17
3694,5,61,12
3695,1,13,14
3696,5,6,6
3697,8,5,7
3698,6,17,19
3699,0,33,4
3700,9,49,16
3701,7,4,3
3702,7,44,1
3703,4,24,10
3704,5,10,6
3705,1,14,17
3706,9,31,12
3707,4,34,10
3708,4,24,10
3709,6,52,12
3710,9,31,8
3711,6,4,11
3712,8,1,7
3713,1,11,14
3714,4,24,10
3715,8,2,7
3716,8,55,11
3717,1,15,17
3718,0,58,15
3719,3,18,19
3720,6,49,13
3721,6,61,13
3722,4,23,10
3723,3,31,19
3724,1,16,17
3725,9,35,16
3726,1,12,14
3727,5,8,6
3728,3,17,19
3729,1,15,17
3730,2,45,3
3731,7,42,1
3732,5,58,2
3733,5,6,6
3734,4,24,10
3735,5,10,2
3736,2,39,5
3737,8,4,7
3738,4,36,9
3739,4,25,10
3740,0,60,16
3741,8,5,11
3742,8,57,11
3743,9,26,8
3744,4,36,4
3745,3,27,8
3746,1,11,14
3747,9,19,18
3748,9,31,9
3749,6,50,13
3750,9,36,9
3751,1,8,2
3752,5,64,6
3753,6,50,13
3754,5,63,3
3755,0,61,15
3756,8,2,14
3757,1,11,14
3758,6,49,13
3759,9,31,9
3760,5,8,2
3761,8,3,7
3762,7,47,3
3763,8,2,7
3764,4,38,4
3765,4,25,10
3766,9,31,8
3767,4,21,18
3768,1,16,17
3769,1,14,17
3770,5,7,6
3771,8,1,7
3772,4,25,10
3773,1,14,17
3774,6,49,13
3775,9,31,9
3776,9,36,9
3777,8,8,7
3778,1,11,14
3779,4,29,10
3780,8,8,7
3781,9,49,16
3782,9,36,9
3783,9,36,9
3784,6,49,13
3785,4,40,10
3786,9,35,16
3787,4,24,10
3788,4,25,9
3789,5,8,6
3790,0,59,15
3791,6,49,13
3792,1,16,14
3793,9,27,8
3794,3,18,19
3795,4,21,16
3796,5,58,12
3797,2,45,4
3798,0,34,16
3799,7,48,1
3800,2,41,5
3801,4,23,10
3802,4,22,10
3803,4,24,10
3804,0,47,4
3805,2,34,16
3806,4,23,10
3807,8,1,7
3808,1,16,17
3809,7,46,3
3810,0,63,15
3811,7,63,3
3812,8,1,7
3813,0,59,15
3814,4,24,10
3815,5,13,6
3816,8,2,12
3817,2,51,5
3818,3,20,18
3819,8,1,11
3820,7,42,1
3821,5,10,2
3822,5,64,6
3823,1,8,17
3824,1,16,17
3825,1,15,17
3826,9,35,16
3827,6,39,11
3828,7,44,1
3829,5,53,6
3830,0,60,16
3831,6,57,11
3832,0,61,15
3833,8,13,14
3834,8,2,14
3835,6,60,13
3836,1,11,14
3837,5,10,6
3838,4,25,10
3839,2,40,5
3840,6,30,12
3841,5,8,2
3842,5,9,2
3843,4,29,8
3844,4,23,10
3845,5,64,6
3846,9,31,9
3847,1,11,14
3848,6,61,13
3849,7,42,1
3850,6,55,11
3851,3,18,19
3852,0,59,4
3853,1,11,14
3854,6,56,13
3855,8,39,11
3856,4,25,10
3857,9,31,9
3858,0,30,9
3859,8,1,14
3860,7,62,1
3861,6,49,13
3862,9,35,16
3863,2,39,5
3864,5,58,15
3865,4,25,10
3866,0,17,16
3867,7,45,3
3868,6,51,11
3869,9,36,8
3870,4,21,18
3871,9,31,8
3872,6,49,13
3873,4,36,4
3874,7,1,1
3875,3,20,18
3876,9,49,16
3877,4,38,4
3878,1,15,17
3879,4,24,10
3880,5,61,6
3881,9,31,8
3882,9,49,16
3883,9,27,18
3884,1,8,17
3885,5,8,2
3886,7,62,7
3887,6,57,11
3888,5,58,15
3889,0,59,15
3890,6,50,13
3891,0,36,9
3892,1,8,17
3893,4,22,10
3894,5,64,6
3895,9,29,8
3896,7,47,5
3897,4,25,10
3898,0,59,15
3899,3,18,19
3900,1,11,14
3901,3,20,18
3902,7,39,5
3903,7,63,3
3904,6,57,11
3905,8,4,7
3906,7,39,3
3907,9,27,8
3908,9,36,16
3909,3,17,19
3910,1,8,17
3911,4,24,10
3912,5,63,15
3913,8,55,11
3914,8,4,7
3915,3,19,18
3916,1,16,17
3917,6,51,13
3918,3,20,18
3919,2,17,5
3920,3,17,19
3921,6,49,13
3922,8,2,7
3923,7,42,1
3924,0,34,16
3925,8,57,6
3926,4,24,10
3927,9,51,8
3928,2,41,5
3929,1,11,14
3930,5,65,2
3931,8,5,7
3932,4,37,10
3933,0,60,16
3934,1,12,14
3935,6,52,12
3936,9,26,8
3937,7,4,3
3938,3,18,19
3939,4,25,10
3940,1,6,6
3941,2,43,5
3942,1,15,17
3943,9,49,13
3944,9,31,9
3945,1,8,2
3946,1,11,14
3947,7,62,7
3948,9,36,9
3949,4,33,4
3950,9,27,8
3951,7,1,7
3952,4,36,10
3953,8,2,7
3954,7,43,1
3955,2,39,5
3956,2,24,18
3957,1,8,2
3958,6,52,12
3959,4,22,10
3960,9,36,9
3961,7,62,1
3962,4,25,10
3963,5,9,2
3964,2,39,5
3965,8,5,11
3966,6,60,13
3967,1,7,6
3968,2,39,5
3969,4,21,18
3970,8,55,11
3971,1,7,6
3972,3,20,18
3973,3,17,19
3974,9,17,13
3975,0,60,3
3976,5,6,6
3977,9,49,16
3978,5,63,3
3979,4,28,10
3980,4,23,10
3981,5,58,15
3982,0,30,15
3983,6,50,12
3984,2,39,5
3985,9,49,13
3986,9,27,8
3987,3,18,19
3988,9,50,8
3989,6,52,12
3990,2,47,9
3991,3,19,19
3992,8,12,14
3993,8,13,14
3994,5,2,2
3995,8,3,7
3996,7,1,7
3997,7,1,7
3998,2,47,1
3999,1,11,14
4000,2,47,5
4001,9,50,12
4002,7,46,3
4003,4,37,4
4004,2,39,5
4005,8,5,14
4006,8,3,7
4007,1,16,17
4008,4,22,10
4009,6,47,13
4010,3,20,18
4011,9,47,16
4012,7,48,5
4013,8,3,14
4014,2,40,5
4015,0,59,15
4016,1,8,2
4017,4,21,18
4018,7,1,7
4019,4,38,4
4020,7,1,7
4021,8,2,7
4022,1,15,17
4023,7,47,3
4024,6,17,12
4025,4,22,10
4026,1,13,14
4027,7,44,3
4028,8,13,14
4029,0,59,4
4030,5,63,3
4031,4,23,10
4032,7,1,7
4033,1,11,14
4034,5,64,2
4035,2,41,5
4036,6,50,8
4037,4,38,4
4038,4,21,4
4039,6,50,13
4040,6,47,11
4041,8,11,14
4042,1,15,17
4043,6,55,11
4044,3,20,18
4045,4,25,10
4046,0,61,15
4047,2,39,5
4048,8,2,14
4049,7,1,7
4050,5,8,2
4051,0,47,16
4052,2,35,0
4053,5,8,2
4054,5,8,2
4055,6,55,11
4056,4,25,10
4057,4,24,10
4058,1,11,17
4059,9,31,9
4060,1,15,14
4061,4,25,10
4062,6,55,11
4063,6,61,3
4064,1,14,17
4065,7,44,1
4066,6,57,6
4067,3,18,19
4068,4,20,18
4069,4,24,10
4070,8,62,7
4071,6,48,12
4072,5,10,2
4073,4,33,4
4074,4,25,10
4075,6,63,3
4076,9,35,16
4077,8,2,7
4078,5,10,6
4079,5,65,2
4080,8,4,7
4081,6,61,12
4082,6,54,12
4083,1,8,17
4084,0,59,15
4085,1,11,14
4086,6,52,12
4087,3,18,19
4088,6,55,13
4089,1,11,14
4090,5,58,2
4091,9,30,9
4092,9,31,9
4093,5,64,2
4094,8,5,14
4095,6,50,5
4096,1,8,14
4097,9,31,9
4098,7,39,3
4099,5,6,6
4100,4,24,10
4101,6,4,11
4102,4,23,10
4103,0,60,15
4104,8,3,7
4105,4,29,10
4106,4,27,10
4107,1,13,14
4108,4,33,4
4109,2,44,1
4110,4,37,4
4111,2,33,16
4112,8,2,12
4113,4,24,10
4114,5,8,2
4115,1,12,14
4116,8,11,14
4117,8,55,11
4118,1,8,2
4119,4,24,10
4120,9,31,9
4121,7,62,1
4122,1,13,6
4123,6,47,13
4124,8,2,12
4125,9,36,16
4126,8,11,14
4127,2,43,5
4128,4,36,10
4129,4,38,4
4130,7,1,7
4131,7,47,1
4132,8,5,7
4133,9,40,8
4134,0,59,15
4135,3,18,19
4136,4,37,10
4137,9,31,9
4138,7,62,1
4139,6,56,13
4140,1,16,17
4141,6,55,11
4142,4,25,10
4143,7,46,3
4144,5,62,7
4145,4,20,18
4146,0,33,4
4147,7,39,5
4148,7,1,7
4149,9,35,16
4150,8,7,14
4151,4,24,10
4152,5,59,15
4153,2,39,5
4154,9,33,16
4155,2,40,5
4156,8,3,7
4157,4,24,10
4158,4,25,10
4159,9,35,16
4160,7,42,1
4161,6,17,5
4162,6,49,13
4163,3,20,18
4164,2,44,4
4165,9,27,8
4166,4,25,10
4167,1,15,17
4168,9,35,16
4169,1,14,17
4170,5,64,15
4171,6,52,12
4172,6,56,13
4173,2,39,5
4174,0,44,4
4175,9,36,9
4176,7,44,1
4177,8,8,7
4178,4,25,10
4179,5,10,12
4180,2,30,5
4181,9,27,8
4182,7,62,1
4183,8,55,11
4184,4,22,10
4185,4,23,10
4186,1,16,17
4187,4,38,4
4188,4,22,10
4189,4,38,4
4190,7,48,3
4191,4,21,18
4192,4,25,10
4193,5,8,2
4194,6,53,12
4195,0,59,15
4196,4,25,10
4197,9,45,9
4198,4,23,10
4199,9,35,16
4200,7,44,1
4201,4,25,10
4202,2,45,9
4203,6,57,6
4204,1,8,17
4205,3,40,18
4206,4,28,9
4207,0,30,15
4208,4,29,4
4209,3,20,18
4210,7,42,1
4211,4,25,10
4212,2,33,3
4213,8,3,7
4214,9,35,16
4215,1,14,6
4216,4,24,10
4217,1,11,14
4218,9,26,8
4219,7,42,1
4220,6,54,12
4221,0,38,4
4222,0,63,15
4223,7,62,7
4224,5,7,12
4225,9,49,16
4226,3,19,19
4227,1,16,17
4228,9,49,16
4229,9,27,8
4230,4,25,10
4231,6,50,13
4232,3,17,19
4233,5,64,2
4234,5,8,2
4235,6,56,13
4236,3,20,18
4237,6,55,11
4238,1,16,17
4239,7,44,1
4240,2,48,9
4241,2,17,5
4242,2,39,5
4243,2,39,5
4244,4,20,10
4245,7,42,1
4246,4,24,10
4247,2,43,1
4248,8,4,11
4249,2,41,5
4250,8,51,11
4251,6,52,12
4252,2,41,5
4253,5,9,2
4254,9,36,9
4255,4,37,10
4256,4,38,4
4257,9,26,8
4258,1,14,17
4259,4,21,18
4260,8,47,12
4261,8,1,7
4262,4,25,10
4263,3,18,19
4264,4,25,10
4265,7,2,7
4266,3,18,19
4267,3,18,19
4268,0,30,12
4269,5,65,12
4270,4,22,10
4271,1,16,17
4272,7,42,1
4273,9,36,9
4274,2,51,5
4275,9,49,16
4276,9,30,9
4277,1,16,17
4278,2,41,5
4279,8,3,7
4280,6,56,13
4281,0,31,9
4282,4,24,10
4283,9,36,9
4284,2,39,5
4285,8,2,7
4286,0,59,15
4287,7,1,7
4288,4,36,10
4289,7,48,9
4290,6,49,13
4291,8,1,7
4292,6,39,11
4293,4,38,4
4294,9,40,8
4295,4,25,10
4296,3,20,18
4297,0,36,9
4298,5,65,2
4299,9,26,8
4300,2,48,5
4301,0,33,16
4302,6,52,12
4303,5,8,2
4304,9,49,16
4305,1,13,14
4306,2,41,5
4307,9,60,16
4308,6,61,13
4309,6,51,13
4310,8,55,11
4311,0,45,9
4312,1,11,17
4313,8,8,6
4314,4,22,18
4315,2,48,5
4316,6,49,13
4317,7,44,1
4318,1,11,14
4319,9,36,9
4320,7,1,7
4321,9,36,9
4322,1,7,6
4323,6,48,5
4324,0,38,4
4325,3,19,18
4326,9,35,16
4327,8,62,7
4328,5,8,2
4329,6,55,11
4330,4,33,4
4331,4,24,10
4332,4,21,18
4333,7,43,1
4334,7,62,1
4335,1,12,14
4336,4,29,8
4337,5,47,6
4338,4,24,10
4339,2,39,5
4340,9,35,16
4341,2,40,5
4342,8,2,7
4343,6,51,13
4344,1,16,17
4345,1,14,17
4346,9,17,16
4347,6,51,13
4348,4,21,18
4349,4,25,10
4350,7,44,3
4351,8,1,7
4352,8,2,14
4353,7,1,3
4354,5,8,2
4355,7,44,1
4356,5,8,2
4357,4,26,8
4358,4,23,10
4359,3,17,19
4360,9,31,8
4361,5,8,2
4362,6,57,6
4363,8,4,7
4364,7,1,1
4365,4,25,10
4366,4,24,10
4367,0,59,15
4368,8,3,7
4369,0,38,4
4370,6,49,13
4371,3,27,8
4372,3,21,18
4373,5,65,2
4374,8,1,7
4375,6,52,12
4376,6,57,11
4377,2,41,5
4378,6,52,6
4379,1,15,17
4380,6,51,13
4381,1,14,17
4382,6,56,13
4383,4,21,18
4384,8,13,14
4385,3,21,18
4386,1,16,17
4387,1,16,17
4388,1,11,14
4389,9,50,9
4390,6,55,11
4391,4,36,18
4392,4,25,10
4393,2,33,16
4394,3,19,18
4395,2,51,5
4396,9,36,16
4397,3,18,19
4398,9,33,16
4399,9,28,8
4400,4,29,10
4401,0,59,15
4402,9,33,16
4403,6,57,11
4404,6,55,11
4405,0,61,15
4406,8,3,7
4407,6,51,13
4408,5,9,2
4409,3,18,19
4410,0,61,16
4411,1,16,17
4412,6,51,13
4413,4,20,18
4414,3,27,19
4415,8,5,7
4416,8,6,6
4417,7,1,7
4418,0,58,15
4419,3,20,18
4420,4,38,4
4421,4,22,10
4422,8,2,12
4423,0,63,3
4424,7,46,3
4425,1,16,17
4426,0,36,4
4427,9,27,8
4428,3,20,18
4429,4,37,4
4430,6,49,13
4431,0,61,16
4432,9,29,9
4433,8,62,7
4434,4,24,10
4435,3,17,19
4436,6,57,6
4437,8,2,12
4438,5,63,3
4439,3,20,18
4440,0,60,9
4441,2,41,5
4442,4,38,4
4443,0,38,4
4444,6,57,19
4445,4,24,18
4446,8,12,14
4447,1,8,2
4448,1,16,17
4449,8,5,11
4450,7,42,1
4451,1,14,6
4452,6,56,13
4453,2,43,5
4454,2,41,5
4455,3,18,19
4456,6,50,13
4457,5,62,2
4458,1,13,6
4459,5,6,6
4460,6,51,11
4461,7,2,7
4462,3,20,18
4463,4,35,10
4464,4,25,10
4465,4,35,4
4466,0,63,15
4467,9,30,9
4468,0,30,15
4469,4,37,4
4470,8,12,14
4471,5,6,6
4472,8,3,14
4473,5,9,2
4474,4,34,4
4475,2,39,5
4476,0,59,15
4477,8,4,7
4478,1,15,17
4479,7,46,3
4480,1,14,17
4481,6,39,11
4482,1,14,17
4483,9,60,13
4484,5,65,12
4485,6,56,13
4486,4,25,10
4487,2,39,5
4488,7,1,7
4489,1,15,17
4490,5,62,2
4491,2,39,5
4492,3,19,18
4493,4,37,10
4494,7,63,3
4495,2,45,3
4496,6,47,13
4497,5,62,2
4498,6,51,11
4499,6,57,6
4500,3,21,18
4501,7,62,7
4502,5,9,2
4503,4,24,10
4504,4,40,10
4505,6,52,11
4506,5,9,2
4507,8,3,7
4508,1,16,17
4509,1,15,17
4510,1,16,17
4511,7,46,3
4512,8,3,7
4513,9,35,16
4514,6,17,13
4515,0,38,4
4516,0,60,16
4517,1,13,14
4518,9,50,13
4519,4,37,4
4520,8,3,14
4521,5,3,6
4522,5,64,2
4523,8,12,7
4524,8,2,14
4525,4,33,4
4526,0,61,15
4527,4,22,10
4528,3,17,19
4529,4,23,4
4530,0,38,4
4531,5,9,2
4532,8,5,11
4533,6,50,13
4534,6,4,11
4535,8,2,14
4536,6,63,3
4537,4,29,10
4538,4,25,10
4539,9,36,4
4540,9,31,9
4541,2,48,5
4542,9,36,16
4543,1,16,17
4544,4,37,4
4545,2,17,5
4546,6,63,3
4547,3,32,18
4548,3,19,18
4549,4,23,10
4550,3,20,18
4551,0,33,16
4552,8,39,11
4553,4,40,10
4554,2,40,8
4555,2,40,8
4556,5,30,12
4557,9,35,16
4558,4,25,10
4559,9,36,9
4560,1,15,17
4561,9,26,8
4562,1,6,6
4563,6,54,13
4564,0,33,4
4565,9,35,16
4566,7,48,12
4567,6,17,13
4568,6,54,12
4569,2,39,5
4570,4,24,10
4571,6,51,13
4572,4,28,8
4573,0,30,15
4574,9,35,16
4575,4,25,10
4576,4,25,10
4577,0,30,15
4578,1,11,14
4579,1,9,17
4580,9,26,16
4581,9,36,9
4582,2,45,3
4583,0,38,4
4584,0,38,4
4585,8,1,7
4586,3,31,19
4587,2,41,16
4588,9,26,8
4589,5,54,12
4590,6,49,13
4591,1,16,14
4592,8,2,7
4593,6,54,13
4594,2,45,5
4595,5,62,3
4596,5,63,12
4597,4,20,18
4598,0,59,15
4599,9,30,9
4600,8,13,14
4601,8,39,11
4602,9,49,16
4603,2,45,9
4604,6,63,3
4605,9,49,16
4606,9,27,8
4607,1,15,17
4608,9,50,8
4609,7,2,3
4610,7,2,7
4611,1,7,6
4612,4,25,10
4613,2,41,5
4614,4,37,10
4615,6,57,13
4616,9,33,16
4617,6,56,13
4618,7,42,1
4619,9,26,8
4620,6,49,13
4621,7,62,7
4622,2,40,5
4623,3,20,18
4624,9,27,8
4625,7,48,5
4626,1,7,14
4627,9,36,9
4628,4,20,18
4629,3,19,18
4630,9,49,16
4631,5,57,6
4632,2,48,9
4633,4,40,10
4634,5,63,15
4635,8,2,14
4636,4,25,10
4637,5,7,6
4638,2,40,5
4639,9,36,9
4640,8,1,7
4641,9,50,16
4642,7,44,3
4643,6,56,13
4644,6,17,13
4645,9,30,9
4646,3,35,16
4647,5,10,2
4648,3,20,18
4649,4,33,4
4650,6,52,12
4651,4,25,10
4652,0,59,4
4653,5,10,6
4654,0,58,15
4655,1,7,2
4656,1,13,14
4657,2,33,16
4658,8,3,7
4659,6,52,12
4660,4,36,10
4661,8,4,7
4662,9,26,8
4663,5,10,6
4664,3,19,18
4665,4,40,10
4666,5,9,2
4667,0,33,15
4668,7,42,1
4669,0,45,9
4670,7,42,1
4671,8,1,7
4672,4,20,10
4673,1,16,17
4674,2,48,9
4675,5,53,6
4676,9,60,16
4677,4,24,10
4678,3,17,19
4679,3,19,19
4680,5,10,6
4681,0,61,15
4682,1,14,17
4683,2,40,5
4684,0,60,16
4685,0,30,15
4686,5,64,2
4687,5,63,6
4688,5,64,12
4689,6,17,11
4690,2,43,5
4691,9,26,8
4692,4,25,10
4693,0,33,16
4694,0,59,15
4695,9,40,8
4696,4,22,10
4697,9,40,8
4698,3,21,18
4699,2,39,5
4700,7,48,12
4701,6,49,13
4702,5,61,15
4703,3,20,18
4704,7,2,7
4705,6,52,12
4706,7,62,7
4707,9,36,8
4708,1,15,17
4709,6,63,12
4710,4,24,10
4711,7,1,7
4712,0,38,4
4713,9,26,18
4714,4,38,4
4715,1,16,17
4716,9,36,4
4717,0,38,4
4718,6,48,12
4719,2,40,10
4720,3,18,19
4721,3,18,19
4722,7,46,3
4723,4,24,10
4724,9,35,16
4725,1,12,14
4726,6,56,13
4727,9,36,9
4728,1,16,17
4729,6,49,13
4730,4,25,10
4731,5,4,3
4732,1,15,17
4733,7,45,3
4734,5,62,2
4735,0,59,15
4736,6,55,6
4737,0,48,9
4738,5,65,15
4739,8,5,11
4740,4,25,10
4741,0,34,16
4742,5,47,6
4743,4,25,10
4744,0,59,15
4745,6,54,12
4746,6,48,3
4747,8,1,7
4748,1,7,6
4749,4,21,18
4750,8,2,12
4751,4,25,10
4752,4,29,10
4753,0,30,4
4754,7,48,12
4755,4,20,18
4756,4,21,18
4757,6,61,13
4758,4,35,16
4759,0,60,16
4760,2,17,5
4761,0,33,16
4762,0,58,15
4763,9,35,16
4764,9,36,9
4765,5,58,2
4766,3,21,18
4767,4,21,18
4768,9,49,16
4769,2,40,4
4770,3,19,19
4771,5,10,6
4772,0,59,15
4773,6,51,11
4774,5,6,6
4775,4,21,18
4776,4,27,8
4777,7,45,3
4778,4,25,10
4779,5,58,15
4780,0,59,15
4781,0,60,15
4782,0,59,15
4783,2,41,5
4784,5,7,12
4785,6,52,12
4786,1,16,17
4787,4,21,18
4788,8,2,7
4789,6,55,11
4790,6,53,6
4791,5,63,6
4792,4,36,10
4793,6,56,13
4794,5,30,3
4795,0,60,15
4796,5,8,6
4797,4,29,8
4798,7,62,1
4799,9,54,9
4800,8,13,14
4801,7,39,7
4802,1,14,17
4803,3,19,18
4804,4,25,10
4805,3,17,19
4806,7,42,1
4807,0,59,15
4808,1,12,14
4809,5,65,15
4810,8,1,7
4811,4,37,4
4812,9,34,16
4813,9,29,8
4814,8,5,11
4815,5,62,15
4816,6,49,13
4817,5,65,12
4818,7,44,3
4819,6,52,12
4820,4,22,10
4821,6,52,12
4822,9,36,9
4823,1,14,17
4824,5,6,6
4825,2,39,5
4826,5,8,6
4827,3,19,18
4828,9,29,8
4829,1,15,14
4830,7,48,11
4831,5,10,2
4832,8,13,6
4833,5,30,3
4834,1,6,6
4835,6,57,11
4836,9,35,16
4837,2,48,12
4838,4,25,10
4839,4,21,18
4840,6,49,13
4841,6,57,3
4842,0,61,16
4843,0,60,4
4844,9,35,16
4845,9,26,9
4846,4,21,18
4847,5,64,15
4848,7,39,5
4849,6,52,12
4850,9,35,16
4851,3,20,18
4852,0,58,15
4853,7,46,3
4854,0,30,15
4855,8,5,11
4856,0,38,4
4857,6,39,11
4858,5,61,15
4859,9,30,9
4860,6,49,13
4861,6,57,6
4862,7,3,7
4863,4,36,8
4864,9,36,9
4865,5,58,2
4866,9,31,9
4867,1,16,17
4868,8,62,7
4869,5,10,6
4870,0,30,9
4871,3,21,18
4872,2,41,5
4873,4,37,4
4874,0,34,4
4875,6,49,13
4876,9,35,16
4877,6,57,13
4878,9,27,8
4879,1,8,2
4880,4,25,10
4881,3,19,18
4882,5,63,2
4883,4,28,10
4884,1,15,17
4885,4,38,4
4886,7,62,1
4887,1,7,14
4888,0,58,15
4889,1,16,17
4890,6,54,12
4891,4,36,4
4892,7,62,1
4893,7,42,1
4894,2,46,3
4895,9,41,16
4896,4,22,10
4897,8,3,7
4898,5,64,2
4899,5,10,2
4900,3,21,18
4901,8,8,7
4902,7,48,3
4903,0,60,16
4904,5,8,2
4905,5,64,15
4906,1,8,2
4907,5,65,15
4908,7,62,7
4909,5,54,12
4910,7,39,3
4911,9,26,8
4912,4,21,18
4913,9,60,16
4914,6,52,13
4915,8,3,7
4916,9,27,8
4917,5,65,12
4918,1,15,17
4919,6,63,3
4920,0,38,4
4921,5,8,6
4922,6,53,6
4923,9,35,16
4924,0,60,16
4925,4,36,4
4926,4,36,8
4927,6,51,11
4928,6,54,12
4929,4,36,4
4930,0,48,9
4931,4,20,4
4932,1,7,6
4933,5,8,2
4934,6,52,12
4935,9,35,16
4936,0,60,16
4937,6,49,13
4938,3,20,18
4939,5,6,6
4940,0,30,9
4941,9,35,16
4942,1,8,17
4943,4,36,4
4944,7,44,1
4945,5,8,2
4946,5,65,2
4947,0,59,15
4948,5,9,2
4949,9,49,16
4950,1,14,17
4951,5,10,2
4952,6,49,13
4953,8,55,6
4954,9,31,9
4955,4,25,10
4956,5,9,2
4957,1,16,17
4958,1,8,2
4959,5,64,6
4960,4,36,4
4961,5,4,3
4962,5,65,2
4963,6,49,13
4964,5,10,2
4965,2,39,5
4966,7,46,3
4967,6,57,11
4968,0,44,4
4969,4,36,4
4970,4,33,4
4971,4,36,4
4972,7,62,1
4973,0,65,15
4974,4,37,4
4975,8,5,7
4976,2,21,5
4977,7,62,1
4978,7,44,1
4979,1,16,17
4980,5,6,6
4981,5,54,15
4982,7,46,3
4983,0,30,9
4984,0,60,15
4985,7,1,7
4986,7,44,1
4987,2,41,5
4988,0,33,16
4989,6,49,13
4990,0,60,16
4991,4,25,10
4992,2,40,16
4993,9,29,9
4994,7,62,1
4995,5,53,6
4996,4,34,10
4997,4,25,10
4998,9,50,16
4999,9,31,9
5000,1,12,14
5001,9,26,9
5002,1,12,14
5003,2,39,5
5004,4,36,9
5005,5,7,6
5006,4,37,4
5007,9,35,16
5008,5,62,2
5009,0,30,9
5010,4,33,4
5011,8,12,14
5012,4,37,10
5013,0,61,15
5014,7,62,1
5015,1,14,17
5016,9,49,16
5017,7,44,3
5018,5,58,2
5019,5,9,2
5020,7,45,5
5021,5,62,15
5022,0,46,3
5023,4,26,4
5024,0,38,4
5025,0,59,15
5026,1,16,17
5027,3,19,18
5028,4,25,10
5029,6,55,11
5030,3,19,18
5031,9,26,16
5032,6,53,12
5033,4,38,4
5034,8,8,7
5035,8,2,14
5036,3,20,18
5037,6,57,13
5038,5,64,2
5039,0,17,16
5040,2,43,1
5041,5,63,12
5042,5,6,6
5043,4,29,10
5044,0,30,9
5045,4,36,4
5046,1,16,17
5047,1,6,6
5048,0,36,9
5049,5,6,6
5050,6,51,13
5051,4,21,10
5052,4,25,10
5053,8,3,7
5054,1,14,17
5055,4,37,4
5056,5,2,12
5057,6,61,15
5058,4,37,10
5059,2,41,5
5060,0,30,9
5061,6,48,12
5062,4,21,10
5063,9,30,12
5064,5,61,15
5065,8,2,2
5066,4,36,4
5067,4,38,4
5068,4,36,10
5069,4,37,4
5070,1,14,17
5071,7,4,3
5072,7,48,1
5073,4,44,4
5074,1,14,17
5075,7,44,1
5076,6,50,12
5077,5,9,2
5078,7,44,1
5079,0,61,15
5080,4,24,10
5081,9,26,8
5082,0,30,15
5083,6,55,11
5084,6,48,12
5085,5,58,15
5086,5,9,2
5087,1,11,14
5088,7,44,1
5089,4,36,4
5090,1,15,17
5091,1,16,14
5092,9,30,9
5093,9,51,16
5094,7,4,3
5095,4,38,4
5096,5,6,6
5097,0,61,15
5098,0,30,4
5099,6,51,5
5100,1,14,17
5101,4,25,10
5102,1,15,14
5103,8,3,7
5104,7,4,3
5105,0,30,4
5106,9,26,8
5107,1,14,17
5108,5,10,12
5109,5,30,12
5110,0,33,16
5111,5,10,2
5112,8,62,7
5113,5,9,2
5114,7,48,12
5115,6,49,16
5116,3,27,18
5117,3,19,18
5118,8,39,11
5119,9,36,9
5120,5,8,2
5121,6,55,11
5122,2,35,18
5123,4,21,18
5124,5,9,6
5125,4,37,4
5126,5,6,6
5127,7,42,1
5128,5,63,2
5129,7,62,1
5130,0,33,4
5131,1,11,14
5132,0,59,4
5133,3,21,18
5134,5,61,15
5135,9,30,9
5136,8,5,11
5137,9,40,8
5138,8,2,7
5139,9,60,16
5140,1,12,14
5141,7,44,1
5142,7,2,12
5143,6,55,11
5144,4,22,10
5145,3,21,18
5146,4,25,10
5147,4,34,10
5148,6,56,13
5149,9,36,9
5150,9,25,8
5151,3,40,19
5152,4,25,10
5153,5,10,12
5154,2,21,5
5155,2,41,5
5156,1,15,17
5157,0,58,15
5158,5,65,6
5159,4,22,10
5160,9,33,16
5161,1,8,17
5162,2,41,5
5163,1,8,17
5164,0,33,15
5165,0,58,15
5166,0,59,15
5167,8,62,7
5168,9,27,8
5169,8,5,7
5170,0,61,15
5171,4,24,10
5172,1,14,6
5173,8,39,11
5174,4,25,10
5175,3,35,19
5176,2,40,5
5177,2,39,5
5178,5,31,12
5179,2,34,16
5180,0,59,15
5181,3,18,19
5182,6,48,12
5183,6,51,13
5184,6,56,13
5185,0,30,9
5186,7,42,1
5187,8,62,7
5188,2,26,9
5189,2,44,1
5190,9,28,8
5191,2,51,5
5192,4,20,18
5193,5,8,6
5194,6,61,12
5195,0,38,4
5196,9,50,8
5197,4,37,10
5198,6,53,6
5199,2,50,5
5200,7,48,3
5201,0,58,15
5202,4,37,4
5203,4,25,10
5204,2,43,5
5205,8,11,14
5206,9,33,16
5207,4,25,10
5208,6,57,11
5209,5,63,3
5210,0,45,3
5211,7,62,1
5212,0,38,4
5213,4,21,18
5214,0,33,16
5215,4,38,4
5216,3,17,19
5217,8,3,7
5218,4,25,10
5219,8,1,7
5220,1,14,17
5221,4,37,4
5222,1,8,17
5223,6,53,6
5224,3,20,18
5225,8,53,11
5226,7,4,3
5227,2,41,5
5228,6,49,13
5229,3,17,19
5230,8,5,7
5231,2,40,3
5232,7,42,7
5233,6,61,6
5234,5,54,12
5235,2,44,3
5236,6,55,11
5237,7,4,3
5238,4,25,10
5239,5,10,2
5240,9,27,8
5241,9,50,9
5242,7,62,1
5243,2,43,5
5244,2,41,5
5245,4,25,10
5246,3,17,19
5247,3,19,18
5248,9,31,9
5249,8,51,11
5250,6,52,11
5251,6,52,6
5252,0,61,15
5253,5,65,2
5254,6,51,11
5255,0,59,15
5256,1,16,17
5257,0,59,15
5258,4,25,10
5259,0,33,4
5260,5,58,15
5261,5,63,15
5262,4,25,10
5263,7,1,7
5264,1,15,14
5265,5,58,15
5266,0,49,16
5267,9,17,16
5268,8,2,14
5269,5,10,6
5270,7,42,1
5271,1,14,2
5272,6,63,12
5273,5,58,15
5274,9,33,16
5275,9,35,16
5276,6,50,13
5277,1,15,17
5278,7,62,1
5279,9,26,16
5280,3,21,18
5281,8,2,12
5282,6,48,12
5283,8,2,7
5284,6,57,3
5285,3,19,18
5286,5,31,12
5287,7,48,12
5288,4,25,10
5289,5,9,2
5290,9,33,16
5291,0,61,15
5292,4,36,4
5293,6,57,6
5294,7,62,12
5295,4,25,10
5296,9,60,16
5297,2,41,10
5298,7,42,1
5299,2,44,4
5300,5,10,2
5301,8,3,7
5302,9,26,8
5303,0,60,16
5304,3,35,16
5305,6,53,6
5306,1,16,17
5307,7,43,1
5308,2,43,5
5309,3,17,19
5310,4,37,4
5311,4,37,4
5312,1,16,17
5313,4,37,10
5314,9,35,16
5315,0,19,16
5316,3,20,18
5317,5,10,6
5318,7,1,7
5319,8,13,14
5320,4,22,10
5321,1,14,6
5322,6,50,12
5323,5,62,2
5324,6,55,11
5325,9,36,4
5326,9,36,9
5327,7,2,12
5328,4,35,4
5329,1,10,17
5330,0,60,16
5331,6,52,12
5332,7,39,5
5333,1,7,14
5334,4,22,10
5335,5,64,2
5336,2,39,5
5337,7,2,12
5338,7,42,1
5339,8,3,7
5340,9,49,16
5341,0,30,9
5342,8,5,7
5343,9,50,13
5344,0,65,15
5345,8,2,14
5346,4,36,4
5347,8,55,11
5348,4,23,10
5349,6,54,12
5350,8,3,7
5351,2,45,5
5352,5,30,12
5353,5,64,6
5354,2,41,5
5355,5,8,2
5356,4,23,10
5357,3,19,19
5358,2,46,4
5359,1,16,17
5360,3,21,18
5361,9,26,9
5362,4,37,4
5363,7,4,3
5364,1,7,14
5365,6,55,11
5366,6,57,13
5367,1,16,17
5368,7,62,1
5369,5,10,2
5370,4,20,18
5371,1,14,17
5372,3,17,16
5373,7,46,3
5374,3,20,18
5375,9,27,8
5376,1,8,17
5377,6,49,16
5378,3,19,19
5379,4,21,10
5380,4,21,18
5381,9,31,9
5382,7,4,3
5383,4,40,10
5384,9,26,9
5385,7,4,3
5386,8,5,11
5387,1,14,17
5388,2,25,5
5389,7,62,1
5390,8,3,7
5391,4,25,10
5392,9,35,16
5393,0,60,16
5394,1,16,17
5395,6,61,15
5396,7,62,7
5397,1,14,17
5398,3,21,18
5399,2,41,5
5400,4,22,10
5401,6,54,13
5402,5,65,12
5403,7,51,11
5404,1,15,17
5405,9,49,16
5406,9,30,12
5407,4,36,4
5408,2,48,9
5409,3,21,18
5410,4,25,10
5411,4,25,10
5412,8,13,14
5413,5,6,6
5414,7,48,3
5415,9,30,9
5416,9,36,9
5417,4,25,10
5418,1,8,17
5419,0,59,15
5420,4,28,8
5421,0,60,16
5422,9,31,9
5423,0,61,15
5424,1,6,6
5425,0,33,16
5426,8,11,14
5427,5,64,15
5428,6,55,11
5429,9,54,16
5430,9,26,8
5431,9,26,8
5432,0,58,15
5433,1,16,17
5434,5,8,6
5435,2,39,5
5436,2,41,5
5437,1,8,6
5438,6,49,13
5439,4,21,10
5440,4,21,10
5441,8,8,2
5442,6,49,13
5443,8,12,14
5444,3,19,18
5445,5,8,2
5446,0,59,15
5447,9,30,9
5448,5,58,2
5449,8,5,11
5450,5,8,6
5451,5,63,3
5452,5,6,6
5453,1,11,14
5454,0,59,15
5455,8,57,11
5456,9,36,9
5457,8,3,7
5458,1,6,6
5459,3,27,8
5460,5,61,6
5461,9,36,9
5462,3,20,18
5463,0,58,15
5464,0,59,15
5465,3,19,18
5466,5,10,6
5467,4,37,10
5468,5,8,6
5469,7,63,3
5470,0,59,15
5471,9,35,16
5472,8,2,7
5473,8,62,7
5474,7,62,1
5475,1,14,17
5476,4,37,4
5477,7,44,1
5478,2,26,5
5479,6,54,12
5480,9,31,12
5481,3,21,18
5482,1,15,17
5483,6,49,13
5484,7,62,7
5485,7,62,7
5486,0,34,16
5487,7,48,1
5488,8,6,6
5489,6,57,11
5490,8,39,11
5491,8,6,6
5492,6,51,11
5493,1,6,17
5494,0,59,9
5495,3,19,19
5496,6,49,13
5497,8,2,7
5498,9,26,16
5499,6,56,13
5500,9,36,16
5501,1,8,17
5502,6,49,13
5503,9,49,16
5504,1,12,14
5505,7,48,3
5506,2,40,5
5507,3,19,18
5508,3,18,19
5509,4,36,4
5510,7,4,7
5511,1,8,17
5512,8,2,14
5513,0,38,4
5514,4,21,18
5515,2,45,3
5516,6,51,13
5517,0,59,15
5518,7,48,5
5519,5,65,7
5520,8,57,11
5521,9,35,16
5522,1,14,17
5523,8,12,14
5524,9,26,9
5525,4,27,8
5526,0,58,15
5527,4,25,10
5528,0,61,15
5529,4,22,10
5530,1,7,6
5531,7,1,7
5532,9,26,8
5533,4,38,4
5534,2,45,5
5535,5,64,2
5536,1,11,14
5537,0,38,4
5538,0,30,9
5539,5,9,2
5540,7,63,3
5541,0,33,15
5542,0,38,4
5543,8,13,14
5544,3,18,19
5545,5,64,15
5546,4,23,10
5547,6,50,12
5548,6,49,13
5549,4,25,10
5550,1,16,17
5551,4,37,4
5552,4,25,10
5553,5,8,2
5554,7,62,1
5555,1,11,14
5556,7,48,1
5557,5,10,2
5558,7,2,7
5559,9,49,16
5560,7,62,7
5561,6,56,13
5562,9,54,12
5563,9,49,13
5564,4,25,10
5565,8,5,14
5566,0,59,15
5567,5,58,15
5568,8,1,7
5569,6,31,12
5570,1,8,14
5571,0,59,15
5572,5,57,6
5573,0,59,15
5574,7,48,3
5575,6,48,12
5576,8,2,7
5577,4,25,10
5578,8,6,6
5579,0,33,16
5580,5,7,6
5581,7,39,3
5582,0,59,15
5583,6,57,3
5584,4,23,10
5585,5,10,2
5586,9,49,16
5587,3,17,19
5588,0,33,16
5589,4,37,10
5590,4,25,10
5591,9,33,16
5592,8,62,7
5593,8,3,7
5594,0,61,15
5595,8,1,7
5596,5,9,2
5597,4,47,4
5598,8,5,11
5599,6,51,13
5600,5,54,12
5601,0,63,3
5602,6,50,13
5603,0,30,9
5604,6,65,12
5605,1,7,14
5606,4,25,10
5607,6,31,12
5608,9,35,16
5609,0,38,4
5610,9,49,16
5611,2,39,5
5612,4,25,10
5613,9,31,9
5614,1,16,17
5615,1,14,17
5616,5,64,2
5617,7,1,7
5618,6,52,11
5619,9,26,8
5620,8,5,14
5621,1,15,17
5622,0,36,9
5623,8,13,6
5624,8,3,7
5625,5,54,15
5626,2,33,5
5627,1,16,17
5628,2,46,3
5629,5,64,15
5630,5,6,6
5631,0,33,15
5632,2,39,5
5633,7,44,3
5634,8,2,14
5635,4,25,10
5636,1,16,17
5637,9,36,4
5638,9,35,16
5639,9,49,16
5640,3,21,18
5641,9,26,8
5642,4,28,10
5643,1,16,17
5644,9,26,8
5645,8,12,14
5646,5,62,3
5647,5,8,6
5648,8,3,7
5649,6,52,11
5650,8,2,12
5651,9,40,8
5652,9,49,16
5653,5,6,6
5654,1,6,6
5655,6,51,13
5656,4,25,10
5657,6,55,11
5658,2,45,4
5659,8,51,11
5660,2,44,1
5661,5,65,2
5662,2,40,5
5663,8,11,14
5664,8,13,14
5665,5,61,15
5666,6,49,13
5667,5,14,2
5668,7,48,3
5669,4,36,10
5670,7,41,5
5671,5,52,12
5672,4,21,18
5673,0,38,4
5674,9,35,16
5675,1,16,17
5676,6,50,12
5677,1,7,6
5678,7,62,3
5679,7,1,7
5680,0,38,4
5681,9,35,16
5682,1,11,14
5683,6,51,11
5684,1,15,17
5685,3,19,18
5686,1,15,17
5687,2,45,5
5688,6,57,12
5689,1,11,17
5690,0,33,16
5691,7,2,12
5692,3,17,16
5693,0,38,4
5694,3,20,18
5695,2,44,1
5696,2,44,1
5697,4,21,10
5698,8,8,2
5699,1,8,17
5700,9,35,8
5701,8,3,7
5702,0,60,16
5703,4,37,4
5704,9,54,13
5705,6,52,12
5706,8,13,14
5707,6,50,13
5708,7,42,1
5709,7,1,7
5710,6,57,11
5711,4,41,18
5712,7,1,3
5713,9,27,8
5714,4,21,18
5715,7,46,3
5716,8,8,6
5717,1,15,17
5718,6,56,13
5719,4,22,10
5720,1,12,14
5721,0,59,4
5722,5,58,2
5723,8,13,14
5724,5,64,2
5725,4,25,10
5726,8,4,7
5727,3,20,18
5728,6,48,12
5729,4,23,10
5730,6,6,11
5731,7,46,3
5732,2,45,3
5733,1,8,2
5734,5,10,6
5735,4,38,4
5736,5,64,2
5737,0,60,16
5738,1,15,17
5739,6,57,13
5740,7,4,7
5741,2,44,4
5742,0,38,4
5743,0,33,4
5744,5,7,12
5745,6,57,6
5746,8,8,6
5747,1,16,17
5748,6,56,13
5749,6,57,13
5750,0,59,15
5751,3,40,18
5752,0,54,15
5753,7,46,3
5754,1,6,6
5755,5,9,2
5756,4,36,4
5757,5,62,2
5758,5,30,12
5759,1,14,17
5760,9,27,8
5761,9,31,9
5762,5,2,12
5763,1,14,17
5764,9,29,4
5765,8,3,7
5766,9,26,8
5767,8,3,14
5768,4,29,4
5769,5,57,6
5770,0,60,15
5771,7,65,3
5772,4,22,10
5773,3,35,19
5774,6,57,6
5775,5,52,6
5776,8,3,7
5777,5,64,2
5778,7,42,1
5779,1,15,17
5780,6,51,11
5781,4,21,18
5782,6,48,12
5783,4,29,8
5784,3,20,18
5785,8,55,11
5786,1,14,6
5787,1,8,2
5788,1,11,14
5789,4,25,10
5790,5,57,6
5791,6,61,6
5792,6,56,6
5793,4,37,10
5794,9,48,9
5795,1,16,17
5796,4,25,10
5797,7,62,1
5798,5,52,12
5799,0,34,16
5800,3,20,18
5801,8,3,14
5802,4,25,10
5803,9,50,8
5804,4,21,4
5805,5,65,15
5806,0,38,4
5807,6,49,13
5808,5,4,3
5809,5,8,2
5810,0,33,16
5811,5,65,12
5812,1,16,17
5813,7,5,3
5814,0,60,16
5815,0,44,3
5816,4,21,18
5817,4,20,18
5818,3,17,18
5819,2,41,5
5820,0,60,15
5821,6,57,13
5822,4,23,10
5823,7,62,7
5824,1,11,14
5825,6,56,13
5826,1,6,6
5827,6,51,5
5828,4,21,18
5829,0,30,9
5830,4,36,10
5831,1,16,17
5832,6,60,13
5833,9,49,13
5834,9,19,4
5835,0,38,4
5836,6,57,13
5837,1,11,14
5838,5,65,2
5839,0,33,16
5840,9,31,12
5841,5,7,2
5842,7,1,3
5843,5,48,12
5844,6,62,11
5845,0,61,15
5846,0,61,15
5847,1,2,14
5848,5,9,2
5849,7,44,3
5850,4,25,10
5851,7,48,3
5852,5,10,2
5853,7,62,3
5854,8,39,11
5855,3,19,16
5856,2,45,9
5857,5,2,12
5858,5,64,2
5859,0,33,16
5860,9,31,9
5861,5,30,15
5862,8,2,7
5863,4,21,18
5864,0,60,3
5865,7,62,1
5866,0,33,16
5867,3,20,18
5868,0,60,16
5869,8,4,11
5870,6,49,13
5871,6,60,13
5872,8,55,11
5873,7,46,3
5874,1,6,14
5875,8,3,7
5876,7,46,3
5877,3,20,18
5878,5,52,6
5879,7,46,3
5880,1,16,17
5881,6,51,11
5882,7,42,1
5883,3,19,18
5884,7,62,1
5885,6,57,6
5886,1,16,17
5887,0,30,12
5888,1,14,17
5889,5,58,15
5890,5,9,2
5891,3,18,19
5892,7,62,3
5893,9,31,9
5894,2,39,3
5895,4,34,10
5896,9,27,8
5897,4,25,10
5898,3,19,19
5899,4,25,10
5900,0,60,16
5901,2,40,16
5902,0,30,15
5903,8,4,11
5904,2,40,5
5905,7,48,9
5906,5,6,6
5907,0,38,4
5908,8,3,14
5909,4,23,10
5910,9,26,9
5911,8,62,7
5912,5,52,6
5913,6,49,13
5914,0,34,16
5915,1,11,14
5916,5,8,2
5917,8,3,7
5918,0,33,16
5919,3,20,18
5920,1,6,6
5921,8,4,3
5922,5,58,15
5923,2,49,16
5924,7,1,7
5925,5,65,12
5926,7,39,3
5927,6,49,13
5928,4,25,10
5929,4,23,10
5930,9,30,12
5931,8,3,7
5932,2,41,5
5933,3,19,19
5934,0,61,15
5935,9,27,8
5936,5,63,3
5937,7,62,3
5938,6,53,12
5939,5,64,2
5940,3,20,18
5941,4,34,4
5942,5,64,15
5943,9,36,9
5944,4,25,10
5945,4,38,4
5946,9,26,8
5947,7,47,1
5948,0,58,15
5949,6,56,13
5950,1,15,17
5951,5,63,3
5952,0,63,3
5953,7,62,11
5954,1,16,17
5955,1,2,14
5956,1,6,6
5957,8,2,7
5958,5,63,3
5959,9,27,8
5960,9,31,9
5961,6,51,11
5962,0,33,15
5963,8,4,7
5964,1,13,17
5965,3,19,18
5966,9,49,16
5967,4,25,10
5968,2,46,3
5969,9,36,9
5970,2,43,1
5971,5,52,12
5972,1,14,17
5973,7,42,1
5974,0,60,15
5975,5,57,6
5976,9,60,13
5977,0,38,4
5978,5,8,2
5979,4,25,10
5980,5,9,2
5981,0,30,15
5982,8,3,7
5983,7,44,1
5984,7,44,1
5985,9,54,13
5986,0,30,9
5987,9,50,16
5988,6,49,13
5989,9,27,8
5990,5,58,15
5991,0,30,9
5992,3,17,19
5993,4,38,4
5994,7,1,7
5995,8,3,14
5996,1,16,14
5997,7,42,1
5998,6,49,13
5999,4,37,4
6000,8,7,14
6001,6,47,6
6002,5,9,2
6003,5,10,2
6004,2,40,10
6005,4,23,10
6006,9,26,8
6007,7,1,7
6008,7,46,3
6009,9,51,13
6010,1,8,14
6011,8,12,7
6012,4,25,10
6013,9,50,16
6014,0,59,15
6015,9,26,9
6016,1,14,17
6017,4,25,10
6018,7,62,7
6019,2,41,5
6020,2,46,5
6021,8,3,7
6022,7,63,3
6023,7,39,5
6024,8,5,7
6025,6,50,13
6026,7,62,1
6027,2,41,5
6028,2,39,5
6029,4,25,10
6030,7,42,1
6031,2,40,5
6032,0,59,15
6033,7,46,3
6034,4,37,4
6035,6,5,11
6036,1,14,17
6037,5,9,2
6038,4,25,10
6039,0,30,9
6040,5,9,2
