,average_rating,title,total_rater
0,4.15,1,2076
1,3.2,2,701
2,3.02,3,478
3,2.73,4,170
4,3.01,5,296
5,3.88,6,940
6,3.41,7,458
7,3.01,8,68
8,2.66,9,102
9,3.54,10,888
10,3.79,11,1033
11,2.36,12,160
12,3.26,13,99
13,3.54,14,153
14,2.46,15,146
15,3.79,16,682
16,4.03,17,834
17,3.34,18,157
18,2.48,19,389
19,2.54,20,160
20,3.62,21,1356
21,3.35,22,378
22,2.86,23,126
23,3.18,24,624
24,3.65,25,979
25,3.53,26,100
26,2.93,27,61
27,4.06,28,179
28,4.06,29,402
29,3.65,30,73
30,3.11,31,141
31,3.95,32,1510
32,3.0,33,4
33,3.89,34,1750
34,3.31,35,70
35,3.96,36,927
36,3.5,37,8
37,2.82,38,28
38,3.62,39,1361
39,3.93,40,30
40,3.96,41,242
41,2.87,42,221
42,3.45,43,166
43,2.79,44,311
44,3.42,45,543
45,3.11,46,166
46,4.11,47,1137
47,2.98,48,382
48,3.74,49,27
49,4.52,50,1782
50,0.0,51,0
51,3.64,52,431
52,4.75,53,8
53,2.56,54,41
54,3.07,55,45
55,2.0,56,9
56,3.4,57,99
57,4.09,58,500
58,2.75,59,8
59,3.21,60,357
60,3.0,61,67
61,3.7,62,541
62,2.86,63,111
63,2.27,64,79
64,2.06,65,143
65,1.67,66,97
66,3.25,67,4
67,3.45,68,60
68,3.66,69,319
69,3.16,70,914
70,2.1,71,96
71,3.63,72,93
72,3.82,73,224
73,2.98,74,120
74,1.92,75,12
75,2.85,76,178
76,3.76,77,34
77,3.26,78,50
78,2.61,79,114
79,3.83,80,51
80,3.16,81,166
81,3.88,82,89
82,3.7,83,33
83,3.1,84,21
84,3.4,85,194
85,3.39,86,236
86,2.21,87,76
87,2.94,88,192
88,3.07,89,229
89,3.67,90,6
90,2.34,92,88
91,2.24,93,89
92,3.73,94,182
93,2.88,95,638
94,3.92,96,13
95,3.75,97,44
96,2.0,98,6
97,3.46,99,50
98,3.06,100,128
99,3.87,101,253
100,1.82,102,60
101,3.21,103,33
102,3.53,104,682
103,3.23,105,387
104,3.58,106,12
105,3.15,107,256
106,2.86,108,7
107,0.0,109,0
108,4.23,110,2443
109,4.18,111,1239
110,3.44,112,570
111,2.98,113,53
112,3.09,114,11
113,0.0,115,0
114,4.1,116,41
115,3.63,117,79
116,3.07,118,68
117,2.46,119,13
118,2.67,120,3
119,4.05,121,37
120,2.77,122,194
121,3.87,123,115
122,3.21,124,14
123,3.83,125,318
124,1.99,126,99
125,1.0,127,1
126,4.33,128,12
127,3.31,129,13
128,4.0,130,2
129,3.06,131,16
130,2.49,132,91
131,1.0,133,1
132,4.0,134,2
133,2.81,135,133
134,3.25,136,8
135,3.0,137,13
136,2.5,138,2
137,4.0,139,1
138,3.17,140,139
139,3.55,141,682
140,1.0,142,1
141,0.0,143,0
142,3.39,144,433
143,3.3,145,362
144,2.89,146,18
145,3.54,147,181
146,2.78,148,23
147,3.79,149,47
148,4.07,150,1250
149,3.59,151,554
150,3.0,152,69
151,2.64,153,777
152,3.73,154,167
153,3.41,155,87
154,3.56,156,66
155,2.73,157,187
156,2.98,158,259
157,3.28,159,116
158,2.24,160,565
159,3.72,161,759
160,4.06,162,490
161,3.46,163,540
162,3.57,164,379
163,3.56,165,825
164,2.46,166,61
165,3.6,167,5
166,2.95,168,362
167,2.02,169,113
168,3.15,170,321
169,3.57,171,93
170,2.58,172,458
171,2.31,173,564
172,2.31,174,81
173,3.48,175,220
174,3.92,176,205
175,2.73,177,139
176,3.47,178,19
177,2.21,179,48
178,3.55,180,451
179,1.61,181,93
180,3.14,182,49
181,3.48,183,29
182,3.35,184,26
183,2.87,185,569
184,2.76,186,211
185,3.24,187,105
186,3.22,188,190
187,3.4,189,15
188,3.75,190,100
189,2.47,191,75
190,3.0,192,2
191,2.05,193,217
192,3.76,194,213
193,2.84,195,164
194,2.82,196,550
195,3.06,197,17
196,3.3,198,605
197,3.81,199,117
198,2.42,200,12
199,2.64,201,33
200,2.5,202,30
201,3.05,203,203
202,2.92,204,203
203,3.61,205,85
204,3.67,206,82
205,3.13,207,219
206,2.63,208,651
207,2.46,209,52
208,3.15,210,41
209,3.56,211,34
210,1.93,212,14
211,4.06,213,122
212,4.25,214,28
213,3.81,215,160
214,3.18,216,355
215,2.62,217,64
216,3.13,218,195
217,3.18,219,22
218,1.82,220,28
219,3.55,222,329
220,3.95,223,1412
221,3.39,224,386
222,3.17,225,254
223,2.0,226,1
224,2.67,227,129
225,2.15,228,13
226,3.5,229,108
227,3.45,230,349
228,3.19,231,660
229,4.08,232,345
230,3.61,233,235
231,2.22,234,147
232,3.7,235,926
233,3.3,236,326
234,2.97,237,257
235,2.81,238,32
236,2.88,239,168
237,2.71,240,45
238,3.31,241,29
239,3.5,242,80
240,2.1,243,10
241,1.9,244,10
242,3.0,245,11
243,4.19,246,715
244,3.87,247,476
245,2.91,248,138
246,3.76,249,261
247,2.6,250,30
248,3.28,251,18
249,3.27,252,367
250,3.52,253,738
251,3.08,254,38
252,2.06,255,66
253,2.65,256,218
254,3.23,257,114
255,2.42,258,144
256,2.84,259,102
257,4.45,260,2990
258,3.65,261,285
259,3.87,262,172
260,3.86,263,27
261,3.2,264,5
262,3.93,265,771
263,3.43,266,705
264,2.73,267,140
265,3.37,268,54
266,3.53,269,55
267,3.04,270,79
268,3.14,271,63
269,3.73,272,383
270,2.9,273,244
271,2.38,274,24
272,2.54,275,80
273,2.69,276,228
274,3.18,277,170
275,2.75,278,40
276,3.72,279,46
277,3.57,280,212
278,3.65,281,233
279,3.22,282,215
280,3.0,283,18
281,0.0,284,0
282,0.0,285,0
283,3.0,286,1
284,2.9,287,21
285,3.14,288,700
286,3.34,289,158
287,3.92,290,167
288,2.21,291,48
289,3.27,292,733
290,4.11,293,923
291,3.1,294,42
292,2.76,295,29
293,4.28,296,2170
294,3.11,297,28
295,3.91,298,23
296,3.66,299,143
297,3.76,300,704
298,3.3,301,43
299,3.81,302,86
300,2.98,303,418
301,3.14,304,35
302,2.5,305,127
303,4.23,306,333
304,4.1,307,243
305,3.97,308,202
306,3.69,309,48
307,2.67,310,6
308,3.0,311,1
309,2.44,312,112
310,2.89,313,54
311,3.85,314,300
312,2.65,315,153
313,3.49,316,1116
314,3.19,317,641
315,4.55,318,2226
316,3.89,319,273
317,3.41,320,32
318,3.75,321,61
319,3.71,322,209
320,3.97,324,33
321,2.45,325,49
322,4.34,326,60
323,2.61,327,358
324,3.11,328,144
325,3.38,329,990
326,2.73,330,149
327,3.1,331,21
328,2.55,332,161
329,3.5,333,410
330,3.86,334,113
331,3.49,335,41
332,2.68,336,19
333,3.84,337,693
334,2.88,338,221
335,3.5,339,673
336,3.27,340,84
337,3.84,341,31
338,3.68,342,518
339,2.43,343,42
340,3.15,344,766
341,3.81,345,469
342,3.52,346,120
343,3.17,347,46
344,3.7,348,454
345,3.73,349,1059
346,3.39,350,515
347,3.34,351,257
348,3.13,352,119
349,3.45,353,734
350,3.18,354,67
351,2.35,355,267
352,4.09,356,2194
353,3.74,357,1232
354,3.17,358,141
355,3.21,359,19
356,2.5,360,127
357,3.42,361,268
358,3.36,362,239
359,4.26,363,62
360,3.86,364,1121
361,3.17,365,71
362,2.82,366,251
363,3.28,367,1179
364,3.52,368,802
365,3.31,369,58
366,2.9,370,412
367,3.18,371,212
368,3.15,372,428
369,3.86,373,257
370,2.11,374,183
371,3.29,375,17
372,3.25,376,350
373,3.57,377,1650
374,2.89,378,140
375,2.89,379,436
376,3.63,380,1400
377,3.26,381,211
378,2.93,382,272
379,3.27,383,270
380,2.9,384,40
381,3.4,385,10
382,2.6,386,30
383,2.75,387,102
384,3.64,388,97
385,3.7,389,20
386,3.54,390,59
387,3.27,391,40
388,2.8,392,25
389,1.86,393,105
390,3.67,394,18
391,0.0,395,0
392,4.0,396,1
393,2.42,397,12
394,4.0,398,1
395,0.0,399,0
396,0.0,400,0
397,3.0,401,2
398,3.0,402,1
399,0.0,403,0
400,3.75,404,4
401,2.12,405,203
402,3.62,406,8
403,2.91,407,193
404,3.32,408,72
405,3.02,409,49
406,2.91,410,463
407,2.62,411,13
408,3.56,412,295
409,2.53,413,245
410,2.66,414,90
411,2.48,415,179
412,2.43,416,89
413,3.49,417,208
414,2.52,418,29
415,2.19,419,156
416,2.51,420,352
417,3.36,421,94
418,3.12,422,57
419,3.11,423,221
420,2.6,424,75
421,3.61,425,105
422,3.08,426,269
423,2.37,427,166
424,3.93,428,263
425,2.38,429,187
426,2.42,430,24
427,3.69,431,369
428,2.58,432,392
429,2.79,433,48
430,3.08,434,686
431,2.61,435,533
432,2.65,436,141
433,2.05,437,64
434,2.62,438,152
435,4.5,439,2
436,3.81,440,948
437,3.69,441,643
438,2.99,442,640
439,3.39,443,31
440,2.3,444,81
441,2.61,445,100
442,4.08,446,253
443,2.48,447,31
444,3.6,448,227
445,3.66,449,71
446,3.28,450,228
447,3.15,451,106
448,3.29,452,38
449,3.22,453,67
450,3.55,454,824
451,2.59,455,285
452,4.0,456,93
453,4.1,457,1994
454,3.28,458,87
455,2.83,459,143
456,2.26,460,38
457,3.28,461,86
458,2.64,462,28
459,2.74,463,47
460,2.78,464,216
461,3.31,465,105
462,2.8,466,573
463,3.2,467,54
464,3.27,468,350
465,2.96,469,69
466,1.74,470,38
467,3.63,471,599
468,2.7,472,44
469,2.23,473,151
470,3.83,474,972
471,3.9,475,312
472,2.69,476,35
473,3.47,477,195
474,2.46,478,24
475,2.8,479,133
476,3.76,480,2672
477,3.38,481,294
478,3.53,482,176
479,3.74,483,74
480,2.66,484,29
481,2.51,485,500
482,2.81,486,64
483,2.61,487,62
484,3.38,488,39
485,2.47,489,97
486,3.32,490,185
487,3.32,491,212
488,3.72,492,335
489,3.61,493,298
490,3.35,494,416
491,3.38,495,41
492,3.22,496,37
493,4.0,497,667
494,2.74,498,47
495,2.76,499,49
496,3.42,500,838
497,3.61,501,94
498,1.94,502,155
499,3.69,503,13
500,2.96,504,178
501,2.49,505,69
502,3.49,506,114
503,3.52,507,308
504,3.89,508,560
505,3.67,509,608
506,2.4,510,42
507,3.11,511,152
508,2.87,512,179
509,3.12,513,67
510,3.53,514,346
511,3.92,515,450
512,2.87,516,248
513,3.18,517,382
514,2.46,518,149
515,1.94,519,202
516,2.93,520,374
517,3.37,521,117
518,3.57,522,83
519,3.66,523,117
520,3.62,524,476
521,3.19,525,21
522,2.5,526,8
523,4.51,527,2303
524,2.51,528,68
525,3.98,529,720
526,3.5,530,2
527,3.77,531,338
528,3.05,532,389
529,2.73,533,203
530,3.84,534,286
531,3.82,535,300
532,3.16,536,55
533,3.08,537,207
534,3.82,538,315
535,3.76,539,986
536,2.22,540,169
537,4.27,541,1799
538,2.67,542,206
539,3.38,543,682
540,2.64,544,129
541,2.0,545,1
542,1.87,546,350
543,2.88,547,124
544,2.55,548,137
545,3.82,549,156
546,3.02,550,178
547,3.72,551,996
548,3.24,552,529
549,3.87,553,553
550,2.62,554,26
551,3.93,555,658
552,4.23,556,132
553,4.5,557,2
554,2.7,558,135
555,3.0,559,5
556,3.62,560,8
557,3.62,561,13
558,3.8,562,477
559,3.24,563,17
560,2.27,564,45
561,3.13,565,61
562,2.92,566,13
563,3.57,567,14
564,3.86,568,35
565,2.93,569,100
566,3.22,570,23
567,3.59,571,34
568,3.0,572,2
569,3.52,573,20
570,3.45,574,175
571,2.82,575,107
572,3.0,576,1
573,2.96,577,55
574,4.5,578,2
575,2.0,579,1
576,3.24,580,62
577,4.05,581,141
578,3.0,582,2
579,3.68,583,28
580,4.0,584,1
581,2.91,585,418
582,3.13,586,675
583,3.5,587,1124
584,3.79,588,1351
585,4.06,589,2648
586,3.92,590,1451
587,2.0,591,2
588,3.6,592,1430
589,4.35,593,2577
590,3.85,594,763
591,3.89,595,1060
592,3.75,596,498
593,3.64,597,1046
594,4.25,598,8
595,4.09,599,264
596,3.0,600,30
597,3.0,601,1
598,4.12,602,41
599,3.0,603,58
600,0.0,604,0
601,3.31,605,226
602,2.23,606,93
603,2.0,607,2
604,4.25,608,2512
605,2.78,609,67
606,3.55,610,618
607,2.47,611,216
608,2.41,612,79
609,3.63,613,82
610,2.67,614,9
611,4.04,615,67
612,3.35,616,278
613,3.65,617,17
614,2.11,618,9
615,2.59,619,32
616,0.0,620,0
617,3.71,621,42
618,3.0,623,3
619,4.0,624,1
620,0.0,625,0
621,2.26,626,19
622,3.6,627,121
623,3.9,628,485
624,0.0,629,0
625,2.86,630,7
626,2.08,631,75
627,4.0,632,13
628,3.6,633,20
629,1.67,634,3
630,3.62,635,77
631,0.0,636,0
632,2.54,637,140
633,3.21,638,19
634,2.62,639,78
635,2.68,640,71
636,1.0,641,1
637,2.0,642,1
638,2.0,643,3
639,2.0,644,1
640,3.6,645,20
641,3.55,647,441
642,3.43,648,1527
643,4.19,649,15
644,3.47,650,89
645,2.0,651,1
646,2.89,652,9
647,3.23,653,612
648,0.0,654,0
649,1.0,655,1
650,2.56,656,39
651,3.0,657,2
652,3.0,658,1
653,3.72,659,25
654,1.5,660,2
655,3.46,661,525
656,2.98,662,128
657,3.42,663,264
658,3.0,664,8
659,3.66,665,35
660,3.33,666,3
661,2.04,667,47
662,4.4,668,47
663,4.17,669,23
664,4.41,670,56
665,3.68,671,456
666,2.0,672,2
667,2.62,673,563
668,3.02,674,386
669,0.0,675,0
670,0.0,676,0
671,4.25,678,306
672,3.5,679,2
673,3.36,680,64
674,3.93,681,15
675,3.5,682,4
676,0.0,683,0
677,1.0,684,1
678,3.3,685,30
679,3.0,687,3
680,2.28,688,213
681,2.0,690,2
682,3.1,691,121
683,2.11,692,106
684,0.0,693,0
685,2.65,694,141
686,3.18,695,135
687,3.25,696,4
688,2.55,697,85
689,2.2,698,5
690,0.0,699,0
691,3.32,700,145
692,4.0,701,1
693,3.67,702,27
694,1.6,703,10
695,2.31,704,42
696,3.83,705,36
697,2.5,706,2
698,3.09,707,275
699,3.43,708,679
700,3.04,709,144
701,2.33,710,51
702,2.5,711,62
703,3.5,712,2
704,0.0,713,0
705,3.89,714,153
706,3.62,715,52
707,2.68,716,28
708,4.0,717,1
709,3.48,718,33
710,2.86,719,239
711,4.43,720,437
712,0.0,721,0
713,3.81,722,26
714,0.0,723,0
715,3.09,724,416
716,2.79,725,91
717,3.0,726,9
718,0.0,727,0
719,3.76,728,217
720,3.67,729,3
721,1.0,730,1
722,2.85,731,47
723,2.83,732,6
724,3.72,733,1340
725,3.0,734,3
726,3.36,735,101
727,3.17,736,1110
728,2.03,737,300
729,0.0,738,0
730,0.0,739,0
731,4.09,741,314
732,2.53,742,174
733,2.57,743,107
734,2.0,744,3
735,4.52,745,657
736,4.0,746,31
737,2.0,747,55
738,3.15,748,417
739,2.75,749,4
740,4.45,750,1366
741,3.53,751,15
742,0.0,752,0
743,3.16,753,32
744,2.92,754,13
745,3.78,755,9
746,3.0,756,4
747,3.75,757,4
748,4.0,758,1
749,4.1,759,58
750,3.52,760,33
751,2.79,761,123
752,2.18,762,298
753,3.0,763,1
754,3.27,764,74
755,2.63,765,171
756,3.57,766,100
757,3.21,767,24
758,0.0,768,0
759,3.25,769,12
760,0.0,770,0
761,3.78,771,18
762,0.0,772,0
763,0.0,773,0
764,4.0,774,1
765,3.22,775,9
766,3.0,776,4
767,0.0,777,0
768,3.96,778,750
769,2.69,779,52
770,3.51,780,1730
771,3.38,781,103
772,2.55,782,145
773,3.22,783,390
774,2.73,784,385
775,3.48,785,765
776,3.12,786,460
777,5.0,787,3
778,3.0,788,948
779,3.0,789,2
780,3.0,790,1
781,3.5,791,2
782,4.0,792,1
783,2.6,793,10
784,0.0,794,0
785,0.0,795,0
786,3.33,796,3
787,0.0,797,0
788,2.71,798,204
789,3.35,799,338
790,4.08,800,629
791,3.1,801,121
792,3.5,802,427
793,3.68,803,57
794,2.98,804,233
795,3.59,805,344
796,3.17,806,60
797,3.0,807,14
798,3.4,808,43
799,2.57,809,105
800,1.47,810,120
801,3.89,811,9
802,0.0,812,0
803,2.51,813,47
804,3.0,814,1
805,2.0,815,6
806,0.0,816,0
807,2.56,818,189
808,0.0,819,0
809,3.25,820,4
810,2.0,821,2
811,0.0,822,0
812,3.25,823,4
813,3.93,824,28
814,0.0,825,0
815,1.0,826,1
816,3.0,827,2
817,2.91,828,54
818,2.29,829,131
819,2.95,830,295
820,3.85,831,20
821,3.48,832,564
822,2.18,833,78
823,2.0,834,4
824,3.13,835,103
825,2.65,836,237
826,3.48,837,218
827,3.88,838,501
828,2.21,839,135
829,2.56,840,50
830,3.4,841,25
831,2.59,842,151
832,1.0,843,1
833,3.57,844,7
834,0.0,845,0
835,3.74,846,38
836,1.86,847,7
837,3.44,848,156
838,2.51,849,511
839,3.67,850,30
840,3.5,851,127
841,3.22,852,615
842,4.0,853,3
843,3.62,854,8
844,0.0,855,0
845,0.0,856,0
846,0.0,857,0
847,4.52,858,2222
848,2.0,859,1
849,3.6,860,10
850,3.51,861,273
851,3.65,862,31
852,3.5,863,10
853,3.58,864,12
854,2.0,865,1
855,3.82,866,571
856,2.21,867,24
857,3.0,868,1
858,3.1,869,42
859,2.18,870,49
860,0.0,871,0
861,3.0,872,1
862,0.0,873,0
863,3.12,874,8
864,3.39,875,44
865,2.86,876,21
866,3.29,877,24
867,4.0,878,1
868,2.83,879,237
869,2.2,880,324
870,2.62,881,77
871,2.71,882,59
872,3.0,884,2
873,2.58,885,43
874,2.94,886,104
875,2.5,887,2
876,2.21,888,48
877,2.5,889,2
878,0.0,890,0
879,2.36,891,183
880,3.86,892,152
881,3.7,893,69
882,0.0,894,0
883,1.0,895,2
884,3.43,896,51
885,3.76,897,98
886,4.3,898,582
887,4.28,899,750
888,3.85,900,343
889,3.64,901,174
890,3.91,902,676
891,4.27,903,904
892,4.48,904,1049
893,4.28,905,374
894,4.1,906,187
895,3.92,907,105
896,4.38,908,1314
897,4.13,909,417
898,4.3,910,831
899,4.18,911,306
900,4.41,912,1668
901,4.4,913,1042
902,4.15,914,636
903,3.96,915,365
904,4.22,916,424
905,3.68,917,77
906,3.79,918,189
907,4.25,919,1717
908,4.0,920,1155
909,3.89,921,302
910,4.49,922,470
911,4.39,923,1115
912,4.07,924,1715
913,3.25,925,12
914,4.26,926,403
915,3.98,927,84
916,4.2,928,386
917,3.78,929,93
918,4.29,930,444
919,3.91,931,206
920,3.95,932,189
921,4.1,933,443
922,3.66,934,304
923,3.63,935,71
924,4.08,936,132
925,3.75,937,44
926,3.62,938,187
927,3.18,939,11
928,3.97,940,378
929,3.7,941,105
930,4.2,942,292
931,3.98,943,171
932,3.79,944,97
933,4.15,945,251
934,3.85,946,161
935,4.11,947,188
936,3.75,948,130
937,3.98,949,215
938,4.24,950,292
939,4.25,951,397
940,3.6,952,269
941,4.3,953,728
942,4.24,954,383
943,4.17,955,413
944,3.55,956,40
945,3.24,957,37
946,3.38,958,13
947,3.74,959,58
948,3.45,960,20
949,3.48,961,23
950,3.55,962,11
951,3.57,963,54
952,3.39,964,51
953,4.08,965,253
954,4.0,966,6
955,3.26,967,23
956,3.67,968,715
957,4.25,969,1057
958,3.41,970,37
959,4.05,971,271
960,3.17,972,6
961,3.91,973,82
962,3.75,974,16
963,1.5,975,2
964,3.57,976,56
965,2.0,977,2
966,3.94,978,99
967,0.0,979,0
968,2.8,980,5
969,2.75,981,4
970,3.68,982,81
971,0.0,983,0
972,2.67,984,33
973,3.75,985,4
974,3.6,986,232
975,2.9,987,40
976,3.38,988,69
977,5.0,989,1
978,2.57,990,54
979,3.52,991,170
980,2.6,992,20
981,3.11,993,9
982,4.1,994,449
983,2.91,996,256
984,3.36,997,28
985,3.01,998,93
986,3.28,999,286
987,3.05,1000,20
988,0.0,1001,0
989,4.25,1002,8
990,2.94,1003,121
991,2.66,1004,101
992,2.37,1005,142
993,3.09,1006,78
994,2.98,1007,232
995,3.33,1008,97
996,3.19,1009,291
997,3.27,1010,242
998,2.73,1011,135
999,3.7,1012,301
1000,3.57,1013,258
1001,3.4,1014,136
1002,3.35,1015,234
1003,3.22,1016,156
1004,3.59,1017,276
1005,3.25,1018,123
1006,3.7,1019,575
1007,3.24,1020,392
1008,2.77,1021,247
1009,3.76,1022,577
1010,3.99,1023,221
1011,3.25,1024,126
1012,3.61,1025,293
1013,3.62,1026,8
1014,3.16,1027,344
1015,3.89,1028,1011
1016,3.69,1029,568
1017,3.08,1030,323
1018,3.48,1031,319
1019,3.7,1032,525
1020,3.45,1033,287
1021,3.64,1034,169
1022,3.93,1035,882
1023,4.12,1036,1665
1024,2.66,1037,615
1025,3.27,1038,11
1026,3.67,1039,3
1027,3.0,1040,5
1028,4.04,1041,473
1029,3.48,1042,528
1030,2.84,1043,108
1031,3.29,1044,35
1032,0.0,1045,0
1033,4.07,1046,90
1034,3.48,1047,434
1035,3.33,1049,451
1036,3.82,1050,146
1037,3.42,1051,98
1038,0.0,1052,0
1039,2.91,1053,35
1040,3.31,1054,81
1041,2.74,1055,19
1042,3.54,1056,50
1043,3.56,1057,274
1044,3.27,1058,11
1045,3.4,1059,479
1046,3.94,1060,786
1047,3.55,1061,374
1048,2.5,1062,2
1049,3.15,1063,26
1050,2.89,1064,209
1051,0.0,1065,0
1052,4.17,1066,175
1053,3.78,1067,23
1054,3.69,1068,35
1055,3.93,1069,110
1056,3.0,1070,2
1057,3.4,1071,5
1058,3.86,1073,1313
1059,0.0,1075,0
1060,4.0,1076,23
1061,3.98,1077,743
1062,3.84,1078,372
1063,3.97,1079,1325
1064,4.02,1080,925
1065,3.62,1081,434
1066,3.7,1082,154
1067,3.53,1083,164
1068,4.1,1084,686
1069,3.78,1085,131
1070,4.08,1086,379
1071,3.44,1087,18
1072,3.31,1088,687
1073,4.14,1089,1258
1074,4.09,1090,1142
1075,2.79,1091,372
1076,3.54,1092,751
1077,3.41,1093,680
1078,3.73,1094,1228
1079,3.88,1095,571
1080,3.98,1096,343
1081,3.97,1097,2268
1082,2.4,1098,5
1083,3.99,1099,194
1084,2.81,1100,420
1085,3.69,1101,1010
1086,2.0,1102,4
1087,3.92,1103,401
1088,4.23,1104,482
1089,1.79,1105,42
1090,0.0,1106,0
1091,2.0,1107,3
1092,0.0,1108,0
1093,0.0,1109,0
1094,0.0,1110,0
1095,4.1,1111,93
1096,3.43,1112,35
1097,3.0,1113,50
1098,2.87,1114,31
1099,1.0,1115,1
1100,3.41,1116,17
1101,4.25,1117,12
1102,2.0,1118,1
1103,3.21,1119,34
1104,3.58,1120,456
1105,3.08,1121,13
1106,0.0,1122,0
1107,3.73,1123,33
1108,3.74,1124,404
1109,3.78,1125,385
1110,2.37,1126,317
1111,3.68,1127,1714
1112,2.92,1128,170
1113,3.46,1129,884
1114,3.26,1130,231
1115,4.32,1131,216
1116,4.26,1132,220
1117,2.0,1133,2
1118,3.0,1134,2
1119,3.19,1135,407
1120,4.34,1136,1598
1121,0.0,1137,0
1122,3.86,1138,7
1123,4.0,1139,2
1124,0.0,1140,0
1125,0.0,1141,0
1126,1.0,1142,2
1127,0.0,1143,0
1128,3.75,1144,16
1129,2.5,1145,2
1130,0.0,1146,0
1131,4.32,1147,277
1132,4.51,1148,882
1133,3.5,1149,4
1134,3.93,1150,157
1135,3.48,1151,31
1136,3.48,1152,29
1137,3.43,1153,14
1138,3.73,1154,15
1139,0.0,1155,0
1140,0.0,1156,0
1141,0.0,1157,0
1142,0.0,1158,0
1143,0.0,1159,0
1144,2.17,1160,6
1145,3.95,1161,94
1146,3.91,1162,96
1147,2.95,1163,19
1148,3.6,1164,5
1149,1.0,1165,1
1150,0.0,1166,0
1151,2.89,1167,94
1152,2.06,1168,18
1153,3.72,1169,36
1154,1.65,1170,17
1155,3.73,1171,415
1156,4.29,1172,614
1157,3.35,1173,197
1158,3.8,1174,5
1159,4.0,1175,368
1160,3.94,1176,129
1161,3.99,1177,147
1162,4.47,1178,230
1163,3.79,1179,884
1164,3.84,1180,50
1165,2.9,1181,10
1166,3.61,1183,989
1167,3.8,1184,91
1168,3.96,1185,452
1169,3.61,1186,562
1170,3.66,1187,147
1171,3.95,1188,675
1172,4.25,1189,268
1173,3.51,1190,132
1174,3.06,1191,209
1175,4.03,1192,105
1176,4.39,1193,1724
1177,3.48,1194,212
1178,4.29,1196,2989
1179,4.3,1197,2318
1180,4.48,1198,2513
1181,4.1,1199,912
1182,4.13,1200,1819
1183,4.13,1201,822
1184,3.61,1202,72
1185,4.3,1203,615
1186,4.4,1204,831
1187,3.38,1205,231
1188,4.08,1206,1228
1189,4.43,1207,928
1190,4.24,1208,1175
1191,4.02,1209,173
1192,4.02,1210,2882
1193,4.11,1211,241
1194,4.45,1212,479
1195,4.28,1213,1656
1196,4.16,1214,2023
1197,3.8,1215,945
1198,3.66,1216,87
1199,4.27,1217,356
1200,4.2,1218,244
1201,4.22,1219,1262
1202,3.94,1220,1340
1203,4.36,1221,1691
1204,4.11,1222,1253
1205,4.36,1223,473
1206,4.29,1224,426
1207,4.25,1225,1381
1208,4.05,1226,226
1209,3.86,1227,241
1210,4.19,1228,676
1211,4.14,1230,1333
1212,4.08,1231,749
1213,3.63,1232,52
1214,4.3,1233,1001
1215,4.32,1234,1049
1216,4.16,1235,696
1217,4.19,1236,90
1218,4.23,1237,298
1219,4.0,1238,351
1220,4.15,1240,2097
1221,3.36,1241,70
1222,4.19,1242,1111
1223,3.98,1243,325
1224,4.08,1244,717
1225,4.01,1245,358
1226,4.01,1246,854
1227,4.25,1247,1260
1228,4.22,1248,513
1229,4.01,1249,732
1230,4.39,1250,937
1231,4.11,1251,227
1232,4.34,1252,1184
1233,4.14,1253,558
1234,4.29,1254,452
1235,3.41,1255,54
1236,4.21,1256,594
1237,3.92,1257,472
1238,4.1,1258,1086
1239,4.1,1259,1784
1240,4.3,1260,308
1241,3.83,1261,548
1242,4.38,1262,696
1243,4.11,1263,699
1244,4.05,1264,256
1245,3.95,1265,2277
1246,4.09,1266,997
1247,4.33,1267,765
1248,3.49,1268,317
1249,4.17,1269,672
1250,3.99,1270,2582
1251,3.81,1271,593
1252,4.27,1272,645
1253,3.97,1273,145
1254,3.93,1274,452
1255,3.85,1275,741
1256,4.25,1276,929
1257,3.88,1277,363
1258,4.25,1278,1192
1259,3.75,1279,194
1260,4.17,1280,276
1261,4.03,1281,216
1262,3.9,1282,943
1263,4.18,1283,402
1264,4.31,1284,541
1265,3.82,1285,802
1266,3.59,1286,285
1267,4.11,1287,704
1268,4.18,1288,1117
1269,3.97,1289,182
1270,3.59,1290,230
1271,4.13,1291,1627
1272,4.01,1292,591
1273,4.14,1293,670
1274,4.12,1294,1098
1275,3.57,1295,265
1276,4.0,1296,559
1277,3.71,1297,442
1278,3.64,1298,387
1279,4.25,1299,731
1280,4.15,1300,329
1281,3.98,1301,373
1282,3.91,1302,768
1283,4.13,1303,310
1284,4.22,1304,1419
1285,3.79,1305,120
1286,3.6,1306,136
1287,4.07,1307,1567
1288,0.0,1308,0
1289,0.0,1309,0
1290,3.56,1310,43
1291,1.0,1311,7
1292,3.24,1312,29
1293,2.15,1313,13
1294,0.0,1314,0
1295,2.33,1315,3
1296,4.0,1316,1
1297,3.17,1317,40
1298,0.0,1318,0
1299,0.0,1319,0
1300,3.04,1320,925
1301,3.75,1321,548
1302,1.72,1322,32
1303,1.37,1323,43
1304,1.68,1324,22
1305,1.65,1325,23
1306,2.11,1326,56
1307,2.94,1327,355
1308,1.84,1328,25
1309,2.67,1329,36
1310,3.0,1330,116
1311,3.18,1331,50
1312,2.91,1332,102
1313,3.88,1333,732
1314,3.14,1334,338
1315,1.71,1335,21
1316,2.24,1336,55
1317,3.56,1337,64
1318,3.34,1339,672
1319,3.91,1340,216
1320,2.85,1341,53
1321,2.9,1342,262
1322,3.67,1343,687
1323,3.92,1344,361
1324,3.6,1345,567
1325,3.18,1346,174
1326,3.49,1347,451
1327,3.99,1348,238
1328,3.07,1349,14
1329,3.62,1350,409
1330,3.4,1351,35
1331,2.85,1352,94
1332,3.09,1353,188
1333,3.82,1354,266
1334,2.96,1355,77
1335,3.71,1356,1310
1336,3.81,1357,548
1337,4.21,1358,1176
1338,2.48,1359,222
1339,3.5,1360,2
1340,4.21,1361,159
1341,4.03,1362,100
1342,2.97,1363,112
1343,3.5,1364,2
1344,3.84,1365,58
1345,3.19,1366,108
1346,3.05,1367,364
1347,0.0,1368,0
1348,3.8,1369,5
1349,3.54,1370,1135
1350,3.14,1371,792
1351,3.41,1372,1001
1352,2.75,1373,612
1353,3.88,1374,1447
1354,3.35,1375,927
1355,3.66,1376,1125
1356,2.98,1377,1031
1357,3.42,1378,562
1358,2.91,1379,369
1359,3.58,1380,817
1360,1.96,1381,303
1361,2.78,1382,127
1362,1.55,1383,11
1363,3.83,1384,6
1364,3.27,1385,461
1365,1.0,1386,1
1366,4.09,1387,1697
1367,2.59,1388,370
1368,1.85,1389,210
1369,3.2,1390,121
1370,2.9,1391,1074
1371,3.74,1392,218
1372,3.76,1393,1353
1373,4.02,1394,1433
1374,3.33,1395,295
1375,3.73,1396,1091
1376,3.65,1397,63
1377,3.19,1398,63
1378,3.2,1399,104
1379,0.0,1400,0
1380,3.51,1401,162
1381,3.14,1404,76
1382,3.04,1405,475
1383,3.46,1406,24
1384,3.58,1407,886
1385,3.81,1408,975
1386,3.05,1409,392
1387,2.87,1410,90
1388,3.96,1411,382
1389,3.9,1412,20
1390,3.38,1413,50
1391,3.6,1414,168
1392,3.56,1415,36
1393,3.26,1416,282
1394,2.77,1417,43
1395,3.96,1419,135
1396,4.0,1420,7
1397,3.05,1421,22
1398,3.02,1422,281
1399,4.36,1423,14
1400,0.0,1424,0
1401,3.29,1425,168
1402,2.52,1426,23
1403,2.29,1427,51
1404,3.25,1428,52
1405,3.31,1429,297
1406,1.0,1430,1
1407,2.55,1431,232
1408,2.77,1432,100
1409,1.8,1433,5
1410,4.0,1434,2
1411,2.89,1436,9
1412,3.1,1437,21
1413,2.82,1438,321
1414,2.35,1439,46
1415,2.77,1440,81
1416,3.44,1441,481
1417,3.1,1442,71
1418,0.0,1443,0
1419,3.38,1444,8
1420,2.17,1445,156
1421,4.05,1446,189
1422,3.37,1447,49
1423,0.0,1448,0
1424,4.15,1449,461
1425,3.79,1450,14
1426,2.43,1453,148
1427,3.16,1454,82
1428,2.77,1455,22
1429,2.36,1456,64
1430,3.11,1457,266
1431,2.83,1458,24
1432,3.36,1459,380
1433,2.68,1460,94
1434,2.57,1461,216
1435,0.0,1462,0
1436,3.03,1463,34
1437,3.35,1464,145
1438,3.49,1465,126
1439,3.8,1466,719
1440,0.0,1467,0
1441,2.56,1468,144
1442,4.0,1470,1
1443,3.4,1471,5
1444,3.25,1472,48
1445,2.83,1473,40
1446,2.34,1474,146
1447,3.15,1475,81
1448,3.49,1476,499
1449,3.44,1477,27
1450,3.2,1479,563
1451,3.28,1480,265
1452,3.33,1482,63
1453,2.76,1483,141
1454,3.7,1484,124
1455,3.5,1485,666
1456,3.14,1486,7
1457,3.07,1487,162
1458,2.86,1488,288
1459,2.57,1489,37
1460,1.81,1490,26
1461,3.29,1493,17
1462,2.47,1494,19
1463,1.32,1495,44
1464,3.16,1496,25
1465,2.08,1497,48
1466,3.14,1498,131
1467,2.2,1499,399
1468,3.81,1500,1136
1469,2.61,1501,18
1470,3.08,1502,13
1471,2.32,1503,145
1472,3.5,1504,16
1473,3.33,1507,42
1474,3.31,1508,36
1475,3.67,1509,21
1476,2.5,1510,2
1477,3.58,1511,24
1478,3.05,1513,755
1479,2.71,1514,7
1480,2.56,1515,181
1481,3.65,1516,52
1482,3.71,1517,1205
1483,3.42,1518,354
1484,3.33,1519,6
1485,2.47,1520,15
1486,2.43,1522,7
1487,2.63,1523,57
1488,0.0,1524,0
1489,2.09,1525,44
1490,2.47,1526,88
1491,3.64,1527,1377
1492,2.0,1528,2
1493,3.23,1529,31
1494,3.64,1531,11
1495,2.67,1532,6
1496,3.88,1533,24
1497,3.67,1534,6
1498,3.49,1535,103
1499,4.14,1537,349
1500,1.67,1538,6
1501,2.82,1539,11
1502,3.1,1541,240
1503,3.54,1542,238
1504,3.29,1543,7
1505,3.04,1544,1255
1506,4.07,1545,73
1507,3.82,1546,49
1508,3.32,1547,37
1509,2.5,1548,2
1510,2.68,1549,19
1511,2.7,1550,71
1512,2.83,1551,36
1513,3.27,1552,954
1514,2.75,1553,4
1515,3.48,1554,137
1516,3.0,1555,2
1517,1.87,1556,367
1518,0.0,1557,0
1519,1.5,1558,2
1520,0.0,1559,0
1521,3.25,1561,4
1522,2.26,1562,606
1523,3.6,1563,40
1524,3.83,1564,36
1525,3.0,1565,17
1526,3.28,1566,469
1527,3.44,1567,9
1528,0.0,1568,0
1529,3.43,1569,820
1530,3.3,1570,23
1531,3.96,1571,45
1532,3.73,1572,26
1533,3.4,1573,1421
1534,2.87,1574,15
1535,3.14,1575,14
1536,0.0,1577,0
1537,0.0,1578,0
1538,3.0,1579,1
1539,3.74,1580,2538
1540,2.85,1581,59
1541,3.17,1582,60
1542,2.78,1583,27
1543,3.77,1584,1382
1544,3.21,1585,28
1545,3.05,1586,557
1546,3.42,1587,571
1547,3.08,1588,289
1548,3.36,1589,492
1549,2.52,1590,498
1550,2.62,1591,475
1551,2.49,1592,112
1552,2.86,1593,162
1553,3.78,1594,306
1554,1.74,1595,65
1555,3.47,1596,32
1556,3.41,1597,811
1557,2.71,1598,111
1558,1.64,1599,67
1559,2.87,1600,84
1560,2.72,1601,75
1561,2.12,1602,43
1562,2.93,1603,348
1563,2.75,1604,65
1564,2.66,1605,88
1565,2.34,1606,109
1566,3.59,1608,1076
1567,2.75,1609,55
1568,4.05,1610,1652
1569,3.35,1611,236
1570,3.33,1612,55
1571,2.9,1613,30
1572,3.28,1614,428
1573,3.62,1615,227
1574,3.09,1616,395
1575,4.22,1617,2287
1576,3.43,1619,362
1577,3.34,1620,395
1578,3.28,1621,85
1579,2.4,1622,5
1580,2.21,1623,128
1581,2.72,1624,50
1582,3.91,1625,882
1583,2.52,1626,81
1584,3.08,1627,250
1585,0.0,1628,0
1586,3.02,1629,109
1587,2.0,1630,1
1588,3.59,1631,49
1589,2.45,1632,20
1590,3.66,1633,265
1591,3.8,1635,506
1592,2.4,1636,5
1593,3.78,1639,966
1594,2.54,1640,84
1595,3.87,1641,1198
1596,3.05,1642,74
1597,3.88,1643,265
1598,2.63,1644,475
1599,3.44,1645,826
1600,2.82,1646,88
1601,2.88,1647,90
1602,3.47,1648,194
1603,3.85,1649,188
1604,3.34,1650,50
1605,2.88,1651,17
1606,3.25,1652,4
1607,3.71,1653,1077
1608,3.31,1654,87
1609,2.43,1655,77
1610,3.21,1656,14
1611,3.5,1657,20
1612,3.17,1658,116
1613,2.86,1659,7
1614,3.57,1660,179
1615,3.19,1661,88
1616,2.65,1662,20
1617,3.84,1663,739
1618,4.2,1664,5
1619,2.69,1665,200
1620,2.6,1666,20
1621,2.78,1667,113
1622,2.54,1668,39
1623,3.46,1669,37
1624,3.5,1670,82
1625,3.18,1671,22
1626,3.57,1672,321
1627,3.77,1673,1127
1628,4.0,1674,1045
1629,3.09,1675,11
1630,3.13,1676,1163
1631,2.76,1677,37
1632,3.83,1678,474
1633,1.96,1679,24
1634,3.79,1680,464
1635,2.18,1681,134
1636,3.86,1682,1005
1637,3.76,1683,218
1638,3.72,1684,58
1639,3.5,1685,6
1640,3.16,1686,109
1641,3.08,1687,337
1642,3.5,1688,304
1643,3.15,1689,252
1644,2.96,1690,779
1645,2.55,1692,20
1646,3.72,1693,351
1647,3.73,1694,470
1648,3.69,1695,32
1649,3.57,1696,28
1650,0.0,1697,0
1651,0.0,1698,0
1652,3.5,1699,154
1653,3.42,1701,284
1654,2.55,1702,302
1655,2.94,1703,62
1656,4.18,1704,1547
1657,0.0,1705,0
1658,0.0,1706,0
1659,1.88,1707,154
1660,0.0,1708,0
1661,2.0,1709,1
1662,0.0,1710,0
1663,3.25,1711,628
1664,3.04,1713,231
1665,2.0,1714,1
1666,3.0,1715,13
1667,0.0,1716,0
1668,2.98,1717,455
1669,2.57,1718,7
1670,4.04,1719,380
1671,1.29,1720,7
1672,3.58,1721,1546
1673,3.44,1722,862
1674,0.0,1723,0
1675,3.0,1724,1
1676,3.74,1725,23
1677,2.77,1726,137
1678,3.23,1727,210
1679,3.32,1728,22
1680,3.69,1729,724
1681,3.73,1730,176
1682,1.88,1731,64
1683,3.74,1732,1097
1684,3.11,1733,82
1685,3.83,1734,200
1686,3.2,1735,263
1687,0.0,1738,0
1688,1.36,1739,47
1689,0.0,1740,0
1690,4.0,1741,5
1691,0.0,1742,0
1692,3.91,1743,11
1693,2.68,1744,77
1694,2.76,1746,55
1695,3.49,1747,907
1696,3.82,1748,874
1697,3.4,1749,10
1698,2.19,1750,63
1699,2.66,1752,206
1700,3.2,1753,198
1701,3.39,1754,388
1702,3.53,1755,30
1703,2.55,1756,51
1704,0.0,1757,0
1705,3.65,1758,100
1706,3.98,1759,51
1707,1.87,1760,190
1708,2.74,1762,227
1709,3.0,1764,1
1710,0.0,1765,0
1711,3.0,1767,26
1712,0.0,1768,0
1713,3.14,1769,319
1714,3.47,1770,19
1715,2.64,1771,47
1716,2.43,1772,230
1717,2.5,1773,2
1718,0.0,1774,0
1719,0.0,1776,0
1720,3.49,1777,909
1721,2.66,1779,541
1722,4.12,1780,8
1723,0.0,1781,0
1724,2.5,1782,8
1725,2.93,1783,220
1726,3.95,1784,1423
1727,3.39,1785,180
1728,3.5,1787,2
1729,3.96,1788,91
1730,0.0,1789,0
1731,2.96,1791,53
1732,3.17,1792,448
1733,2.38,1793,13
1734,3.43,1794,151
1735,4.5,1795,2
1736,2.4,1796,5
1737,4.01,1797,167
1738,2.57,1798,42
1739,3.41,1799,213
1740,3.04,1801,391
1741,3.03,1804,119
1742,3.45,1805,626
1743,2.89,1806,168
1744,3.41,1807,17
1745,3.81,1809,36
1746,3.56,1810,353
1747,3.69,1811,13
1748,3.48,1812,44
1749,3.36,1814,25
1750,2.0,1815,1
1751,2.96,1816,101
1752,3.0,1817,12
1753,0.0,1819,0
1754,2.0,1820,1
1755,3.19,1821,211
1756,2.05,1822,21
1757,3.37,1824,104
1758,2.67,1825,33
1759,1.55,1826,40
1760,4.0,1827,102
1761,3.0,1829,37
1762,5.0,1830,1
1763,2.58,1831,667
1764,4.0,1832,1
1765,3.0,1833,264
1766,3.94,1834,492
1767,3.29,1835,366
1768,3.31,1836,135
1769,2.69,1837,64
1770,2.26,1839,69
1771,3.38,1840,160
1772,2.95,1841,95
1773,4.0,1842,2
1774,3.0,1843,1
1775,3.86,1844,29
1776,3.75,1845,301
1777,3.25,1846,20
1778,0.0,1847,0
1779,3.05,1848,177
1780,2.57,1849,7
1781,2.85,1850,13
1782,4.0,1851,2
1783,2.0,1852,1
1784,2.0,1853,17
1785,3.02,1854,48
1786,2.4,1855,108
1787,3.06,1856,72
1788,3.08,1857,24
1789,3.27,1858,172
1790,3.53,1859,32
1791,3.77,1860,44
1792,3.33,1861,3
1793,2.05,1862,198
1794,2.22,1863,142
1795,2.73,1864,11
1796,3.56,1865,54
1797,3.09,1866,189
1798,2.42,1867,38
1799,2.0,1868,2
1800,2.31,1869,51
1801,3.51,1870,72
1802,4.0,1871,4
1803,3.2,1872,10
1804,3.76,1873,259
1805,3.37,1874,27
1806,3.4,1875,164
1807,3.17,1876,895
1808,2.5,1877,4
1809,2.0,1878,11
1810,3.91,1879,22
1811,3.42,1880,26
1812,2.78,1881,68
1813,2.32,1882,499
1814,3.44,1883,664
1815,3.35,1884,298
1816,3.69,1885,608
1817,2.75,1886,4
1818,2.48,1887,60
1819,2.99,1888,387
1820,3.88,1889,49
1821,2.43,1890,7
1822,1.89,1891,9
1823,3.37,1892,401
1824,3.76,1893,21
1825,2.91,1894,471
1826,3.24,1895,306
1827,3.11,1896,47
1828,3.5,1897,133
1829,3.64,1898,14
1830,3.2,1899,10
1831,4.16,1900,60
1832,4.0,1901,5
1833,3.1,1902,30
1834,3.33,1903,6
1835,3.49,1904,113
1836,1.5,1905,2
1837,3.22,1906,32
1838,3.74,1907,490
1839,3.0,1908,1
1840,3.49,1909,996
1841,3.76,1910,41
1842,2.93,1911,527
1843,3.8,1912,907
1844,3.83,1913,167
1845,3.81,1914,372
1846,4.0,1915,1
1847,3.51,1916,354
1848,3.19,1917,1110
1849,3.14,1918,669
1850,3.17,1919,116
1851,2.81,1920,364
1852,3.79,1921,612
1853,3.42,1922,52
1854,3.9,1923,1371
1855,2.63,1924,249
1856,3.89,1925,45
1857,3.19,1926,32
1858,4.19,1927,268
1859,3.38,1928,29
1860,3.79,1929,83
1861,3.0,1930,5
1862,4.03,1931,225
1863,3.28,1932,36
1864,3.38,1933,21
1865,4.01,1934,77
1866,4.03,1935,107
1867,3.88,1936,82
1868,3.73,1937,63
1869,3.91,1938,122
1870,4.12,1939,236
1871,3.89,1940,91
1872,3.81,1941,113
1873,4.03,1942,119
1874,3.28,1943,61
1875,4.1,1944,364
1876,4.27,1945,518
1877,3.98,1946,205
1878,4.06,1947,760
1879,3.86,1948,198
1880,4.23,1949,219
1881,4.13,1950,348
1882,3.69,1951,213
1883,4.11,1952,662
1884,4.1,1953,861
1885,3.94,1954,1128
1886,3.8,1955,452
1887,3.99,1956,507
1888,3.8,1957,634
1889,3.61,1958,530
1890,3.65,1959,626
1891,3.98,1960,635
1892,4.05,1961,1329
1893,3.88,1962,651
1894,4.05,1963,251
1895,3.81,1964,302
1896,3.68,1965,750
1897,3.65,1966,197
1898,3.64,1967,554
1899,3.88,1968,1539
1900,2.32,1969,274
1901,2.64,1970,268
1902,2.24,1971,242
1903,2.0,1972,200
1904,2.18,1973,215
1905,3.04,1974,316
1906,2.43,1975,170
1907,1.98,1976,199
1908,2.18,1977,169
1909,2.08,1978,114
1910,2.18,1979,112
1911,2.15,1980,91
1912,1.84,1981,99
1913,3.71,1982,506
1914,2.75,1983,195
1915,2.1,1984,105
1916,2.41,1985,129
1917,2.13,1986,127
1918,2.33,1987,91
1919,2.1,1988,51
1920,1.47,1989,15
1921,1.69,1990,16
1922,2.7,1991,238
1923,2.11,1992,133
1924,1.9,1993,97
1925,3.68,1994,795
1926,2.42,1995,182
1927,1.83,1996,112
1928,3.96,1997,885
1929,1.77,1998,113
1930,2.75,1999,127
1931,3.89,2000,1627
1932,3.55,2001,1011
1933,3.25,2002,802
1934,3.27,2003,775
1935,2.51,2004,372
1936,3.5,2005,716
1937,3.56,2006,983
1938,2.68,2007,65
1939,2.53,2008,15
1940,3.52,2009,422
1941,4.08,2010,387
1942,3.34,2011,1157
1943,3.24,2012,1148
1944,3.45,2013,622
1945,3.18,2014,180
1946,3.45,2015,380
1947,2.66,2016,109
1948,2.99,2017,162
1949,3.74,2018,589
1950,4.56,2019,627
1951,3.97,2020,772
1952,3.36,2021,788
1953,3.53,2022,253
1954,3.34,2023,774
1955,3.32,2024,148
1956,3.34,2025,221
1957,2.69,2026,161
1958,2.45,2027,129
1959,4.34,2028,2652
1960,3.67,2029,76
1961,0.0,2030,0
1962,3.03,2031,37
1963,2.92,2032,40
1964,3.17,2033,200
1965,2.77,2034,295
1966,3.11,2035,57
1967,2.22,2036,96
1968,3.54,2037,54
1969,2.9,2038,198
1970,1.0,2039,1
1971,2.95,2040,128
1972,2.67,2041,145
1973,2.63,2042,193
1974,3.27,2043,158
1975,2.54,2044,52
1976,3.45,2045,55
1977,3.47,2046,536
1978,3.18,2047,22
1979,3.5,2048,131
1980,3.32,2049,37
1981,2.54,2050,104
1982,2.55,2051,101
1983,2.87,2052,183
1984,2.26,2053,381
1985,2.93,2054,1045
1986,2.83,2055,42
1987,3.5,2056,18
1988,3.34,2057,91
1989,3.61,2058,799
1990,3.28,2059,268
1991,2.99,2060,183
1992,3.57,2061,7
1993,3.2,2062,70
1994,2.5,2063,8
1995,4.07,2064,798
1996,3.6,2065,479
1997,4.15,2066,106
1998,4.07,2067,564
1999,3.88,2068,127
2000,3.79,2069,140
2001,3.91,2070,263
2002,3.93,2071,171
2003,2.91,2072,303
2004,3.67,2073,66
2005,3.52,2074,21
2006,3.74,2075,81
2007,3.76,2076,653
2008,3.49,2077,154
2009,3.82,2078,664
2010,3.57,2079,14
2011,3.8,2080,864
2012,3.76,2081,1035
2013,2.89,2082,361
2014,3.61,2083,262
2015,3.13,2084,93
2016,3.6,2085,565
2017,3.55,2086,29
2018,3.66,2087,594
2019,2.59,2088,471
2020,3.2,2089,239
2021,3.47,2090,249
2022,2.85,2091,186
2023,2.44,2092,163
2024,2.85,2093,276
2025,3.11,2094,736
2026,2.97,2095,113
2027,3.71,2096,511
2028,3.49,2097,213
2029,3.14,2098,76
2030,3.6,2099,221
2031,3.43,2100,1162
2032,3.53,2101,15
2033,3.39,2102,197
2034,3.08,2103,37
2035,3.34,2104,53
2036,3.36,2105,970
2037,3.3,2106,185
2038,2.69,2107,199
2039,3.71,2108,825
2040,3.74,2109,573
2041,3.26,2110,367
2042,3.23,2111,311
2043,3.49,2112,346
2044,2.15,2113,79
2045,3.69,2114,256
2046,3.68,2115,1127
2047,3.33,2116,438
2048,3.72,2117,278
2049,3.7,2118,363
2050,2.27,2119,147
2051,2.94,2120,242
2052,2.73,2121,245
2053,2.45,2122,233
2054,2.87,2123,215
2055,3.17,2124,714
2056,3.71,2125,416
2057,2.75,2126,495
2058,3.5,2127,4
2059,3.32,2128,25
2060,3.75,2129,8
2061,3.83,2130,304
2062,3.73,2131,30
2063,4.07,2132,297
2064,3.28,2133,541
2065,3.42,2134,509
2066,3.2,2135,238
2067,3.15,2136,222
2068,3.82,2137,497
2069,3.84,2138,305
2070,3.85,2139,369
2071,3.65,2140,710
2072,3.43,2141,404
2073,2.83,2142,201
2074,3.27,2143,355
2075,3.71,2144,719
2076,3.37,2145,693
2077,3.11,2146,351
2078,2.55,2147,230
2079,2.89,2148,166
2080,2.25,2149,103
2081,3.73,2150,694
2082,3.17,2151,128
2083,2.12,2152,69
2084,2.0,2153,288
2085,2.79,2154,140
2086,3.31,2155,267
2087,3.78,2156,9
2088,3.25,2157,20
2089,2.6,2158,20
2090,3.48,2159,219
2091,3.82,2160,712
2092,3.61,2161,699
2093,2.41,2162,177
2094,2.61,2163,206
2095,2.05,2164,20
2096,3.38,2165,109
2097,3.52,2166,144
2098,3.48,2167,809
2099,3.08,2168,79
2100,2.68,2169,130
2101,2.55,2170,123
2102,3.69,2171,196
2103,3.25,2172,4
2104,3.56,2173,110
2105,3.57,2174,1495
2106,3.83,2175,18
2107,3.9,2176,191
2108,3.22,2177,83
2109,3.66,2178,95
2110,3.15,2179,39
2111,3.33,2180,58
2112,3.57,2181,118
2113,3.58,2182,98
2114,3.93,2183,179
2115,3.6,2184,147
2116,3.59,2185,17
2117,4.3,2186,482
2118,3.58,2187,26
2119,2.76,2188,259
2120,3.71,2189,21
2121,2.85,2190,52
2122,2.8,2191,10
2123,3.29,2192,7
2124,3.5,2193,802
2125,4.01,2194,1127
2126,3.01,2195,135
2127,2.44,2196,27
2128,4.18,2197,11
2129,4.0,2198,2
2130,0.0,2199,0
2131,2.5,2200,8
2132,3.4,2201,20
2133,3.94,2202,213
2134,4.27,2203,233
2135,3.82,2204,89
2136,3.52,2205,33
2137,4.01,2206,167
2138,2.88,2207,8
2139,4.19,2208,199
2140,3.3,2209,10
2141,3.7,2210,54
2142,3.53,2211,19
2143,3.84,2212,128
2144,1.0,2213,1
2145,3.0,2214,1
2146,3.5,2215,12
2147,0.0,2216,0
2148,1.0,2217,1
2149,2.0,2218,1
2150,3.4,2219,10
2151,0.0,2220,0
2152,3.09,2221,11
2153,0.0,2222,0
2154,3.33,2223,3
2155,0.0,2224,0
2156,0.0,2225,0
2157,3.0,2226,1
2158,3.52,2227,21
2159,0.0,2228,0
2160,0.0,2229,0
2161,0.0,2230,0
2162,3.61,2231,345
2163,3.47,2232,233
2164,1.6,2233,5
2165,1.88,2234,8
2166,2.0,2235,1
2167,3.61,2236,202
2168,3.59,2237,44
2169,3.83,2238,77
2170,3.74,2239,97
2171,3.51,2240,238
2172,2.78,2241,128
2173,2.5,2242,6
2174,3.75,2243,789
2175,1.86,2244,7
2176,3.41,2245,514
2177,2.71,2246,14
2178,3.09,2247,365
2179,4.02,2248,913
2180,3.19,2249,239
2181,3.15,2250,62
2182,3.5,2251,2
2183,3.02,2252,186
2184,2.56,2253,440
2185,2.0,2254,1
2186,2.61,2255,79
2187,2.38,2256,24
2188,2.94,2257,17
2189,3.0,2258,2
2190,2.72,2259,201
2191,2.8,2260,49
2192,3.33,2261,161
2193,3.16,2262,326
2194,3.1,2263,175
2195,2.59,2264,83
2196,2.0,2265,83
2197,2.87,2266,195
2198,2.95,2267,74
2199,3.93,2268,1061
2200,2.74,2269,217
2201,0.0,2270,0
2202,3.29,2271,76
2203,3.46,2272,112
2204,3.57,2273,627
2205,0.0,2274,0
2206,3.37,2275,71
2207,3.71,2276,70
2208,2.0,2277,1
2209,3.53,2278,806
2210,2.72,2279,226
2211,3.43,2280,125
2212,3.45,2281,11
2213,3.52,2282,316
2214,2.92,2283,61
2215,3.79,2284,43
2216,3.89,2285,54
2217,2.51,2286,42
2218,3.44,2287,280
2219,3.79,2288,741
2220,3.96,2289,977
2221,3.28,2290,121
2222,3.59,2291,1473
2223,2.5,2292,20
2224,3.24,2293,25
2225,3.48,2294,645
2226,3.81,2295,74
2227,2.38,2296,144
2228,3.11,2297,355
2229,1.87,2298,15
2230,3.75,2299,4
2231,4.14,2300,657
2232,3.59,2301,370
2233,3.78,2302,1086
2234,3.92,2303,324
2235,3.57,2304,7
2236,3.48,2305,25
2237,2.49,2306,90
2238,2.63,2307,38
2239,2.0,2308,1
2240,4.5,2309,2
2241,3.8,2310,134
2242,3.42,2311,470
2243,3.83,2312,330
2244,4.01,2313,457
2245,3.13,2314,104
2246,2.37,2315,147
2247,2.98,2316,236
2248,2.62,2317,8
2249,3.9,2318,320
2250,0.0,2319,0
2251,3.11,2320,187
2252,3.7,2321,1158
2253,2.93,2322,290
2254,3.94,2323,35
2255,4.33,2324,1151
2256,3.13,2325,119
2257,3.0,2326,12
2258,2.85,2327,100
2259,2.85,2328,173
2260,4.23,2329,640
2261,4.16,2330,92
2262,3.22,2331,179
2263,3.25,2332,8
2264,3.81,2333,578
2265,3.12,2334,386
2266,2.93,2335,420
2267,4.03,2336,938
2268,3.21,2337,126
2269,2.2,2338,295
2270,2.93,2339,27
2271,3.25,2340,344
2272,3.27,2341,44
2273,3.73,2342,11
2274,2.0,2343,2
2275,3.42,2344,201
2276,3.37,2345,43
2277,3.31,2346,300
2278,3.74,2347,95
2279,3.55,2348,303
2280,3.61,2349,166
2281,2.79,2350,19
2282,4.21,2351,111
2283,3.87,2352,838
2284,3.69,2353,988
2285,2.78,2354,141
2286,3.85,2355,1703
2287,2.9,2356,96
2288,4.28,2357,214
2289,4.0,2358,4
2290,3.88,2359,703
2291,4.31,2360,117
2292,3.24,2361,158
2293,2.85,2362,53
2294,3.32,2363,301
2295,2.78,2364,121
2296,2.77,2365,136
2297,3.66,2366,755
2298,2.76,2367,309
2299,1.69,2368,58
2300,2.95,2369,839
2301,3.51,2370,142
2302,3.59,2371,599
2303,2.97,2372,238
2304,2.48,2373,189
2305,2.93,2374,244
2306,2.89,2375,418
2307,3.27,2376,324
2308,2.95,2377,183
2309,3.0,2378,412
2310,2.39,2379,225
2311,2.03,2380,196
2312,1.91,2381,174
2313,1.77,2382,150
2314,1.66,2383,149
2315,3.29,2384,522
2316,2.58,2385,146
2317,1.97,2386,59
2318,2.77,2387,217
2319,3.47,2388,15
2320,2.65,2389,264
2321,3.69,2390,330
2322,3.75,2391,744
2323,2.23,2392,205
2324,3.35,2393,807
2325,3.57,2394,579
2326,3.84,2395,1219
2327,4.13,2396,2368
2328,3.3,2397,23
2329,3.96,2398,380
2330,2.67,2399,223
2331,2.86,2400,43
2332,3.77,2401,312
2333,2.83,2402,400
2334,3.57,2403,397
2335,2.34,2404,301
2336,3.16,2405,673
2337,3.69,2406,1345
2338,3.54,2407,1005
2339,2.53,2408,258
2340,3.18,2409,445
2341,2.88,2410,400
2342,2.65,2411,374
2343,2.1,2412,274
2344,3.25,2413,443
2345,3.39,2414,379
2346,2.8,2415,15
2347,3.15,2416,354
2348,2.95,2417,74
2349,3.07,2418,110
2350,3.2,2419,69
2351,3.42,2420,493
2352,2.68,2421,476
2353,2.12,2422,286
2354,3.59,2423,515
2355,3.38,2424,838
2356,3.62,2425,58
2357,2.96,2426,27
2358,3.4,2427,803
2359,2.78,2428,513
2360,2.83,2429,180
2361,3.11,2430,144
2362,3.14,2431,474
2363,3.14,2432,146
2364,3.36,2433,612
2365,3.63,2434,60
2366,3.08,2435,99
2367,3.59,2436,122
2368,3.65,2437,85
2369,4.0,2438,1
2370,3.61,2439,197
2371,3.36,2440,47
2372,3.04,2441,26
2373,3.83,2442,160
2374,3.6,2443,126
2375,4.0,2444,5
2376,2.8,2445,74
2377,2.54,2446,63
2378,3.06,2447,266
2379,2.35,2448,189
2380,1.53,2449,32
2381,2.1,2450,434
2382,2.65,2451,113
2383,1.68,2452,19
2384,3.25,2453,176
2385,3.36,2454,480
2386,3.44,2455,1070
2387,2.31,2456,283
2388,3.38,2457,259
2389,2.48,2458,130
2390,3.22,2459,247
2391,2.35,2460,116
2392,2.1,2461,62
2393,1.83,2462,54
2394,3.46,2463,474
2395,2.62,2464,8
2396,2.02,2465,42
2397,3.46,2466,13
2398,3.9,2467,324
2399,2.77,2468,374
2400,3.28,2469,506
2401,3.43,2470,912
2402,2.63,2471,413
2403,2.98,2472,93
2404,2.41,2473,193
2405,3.46,2474,343
2406,3.3,2475,140
2407,3.35,2476,300
2408,2.29,2477,42
2409,3.12,2478,569
2410,2.27,2479,44
2411,4.5,2480,2
2412,3.6,2481,35
2413,3.33,2482,30
2414,2.92,2483,25
2415,2.0,2484,1
2416,3.05,2485,410
2417,1.78,2486,9
2418,2.43,2487,7
2419,3.86,2488,85
2420,0.0,2489,0
2421,3.51,2490,773
2422,2.74,2491,115
2423,2.86,2492,139
2424,4.14,2493,28
2425,4.0,2494,27
2426,3.6,2495,98
2427,3.36,2496,360
2428,2.84,2497,170
2429,2.33,2498,123
2430,3.54,2499,52
2431,2.6,2500,119
2432,4.14,2501,588
2433,3.82,2502,872
2434,4.67,2503,8
2435,2.88,2504,181
2436,2.86,2505,272
2437,3.34,2506,163
2438,2.98,2507,54
2439,0.0,2508,0
2440,2.78,2509,18
2441,3.67,2510,3
2442,3.87,2511,82
2443,3.95,2512,18
2444,2.96,2513,304
2445,2.06,2514,116
2446,1.79,2515,52
2447,1.84,2516,45
2448,3.06,2517,273
2449,3.47,2518,294
2450,3.23,2519,96
2451,3.15,2520,179
2452,2.63,2521,84
2453,2.35,2522,79
2454,2.31,2523,42
2455,3.02,2524,266
2456,2.24,2525,153
2457,2.37,2526,131
2458,3.42,2527,636
2459,3.47,2528,626
2460,3.71,2529,1162
2461,2.95,2530,365
2462,2.83,2531,312
2463,2.84,2532,358
2464,3.04,2533,463
2465,2.53,2534,17
2466,2.85,2535,119
2467,1.89,2536,37
2468,1.94,2537,34
2469,3.6,2538,5
2470,3.39,2539,616
2471,3.03,2540,156
2472,3.22,2541,559
2473,3.9,2542,625
2474,3.5,2543,2
2475,2.78,2544,18
2476,2.83,2545,12
2477,2.94,2546,169
2478,0.0,2547,0
2479,2.23,2548,105
2480,2.23,2549,175
2481,3.5,2550,183
2482,3.29,2551,189
2483,2.22,2552,37
2484,3.36,2553,219
2485,3.18,2554,136
2486,1.7,2555,164
2487,3.0,2556,1
2488,3.4,2557,5
2489,2.74,2558,235
2490,2.59,2559,27
2491,3.11,2560,171
2492,3.04,2561,131
2493,3.78,2562,9
2494,3.0,2563,1
2495,0.0,2564,0
2496,3.95,2565,372
2497,2.42,2566,40
2498,3.2,2567,302
2499,2.11,2568,214
2500,3.78,2569,9
2501,3.6,2570,102
2502,4.32,2571,2589
2503,3.42,2572,700
2504,3.42,2573,48
2505,2.67,2574,199
2506,4.0,2575,140
2507,2.0,2576,3
2508,3.29,2577,28
2509,3.5,2578,4
2510,3.79,2579,29
2511,3.85,2580,722
2512,3.17,2581,624
2513,3.11,2582,66
2514,3.61,2583,235
2515,3.0,2584,1
2516,3.85,2585,48
2517,2.96,2586,25
2518,2.96,2587,102
2519,0.0,2588,0
2520,2.73,2589,64
2521,3.04,2590,48
2522,2.0,2591,2
2523,3.0,2592,1
2524,3.71,2593,35
2525,3.95,2594,62
2526,0.0,2595,0
2527,3.62,2596,139
2528,2.61,2597,64
2529,3.02,2598,533
2530,3.93,2599,1521
2531,3.26,2600,410
2532,0.0,2601,0
2533,2.83,2602,6
2534,0.0,2603,0
2535,0.0,2604,0
2536,3.17,2605,777
2537,2.72,2606,207
2538,4.09,2607,68
2539,2.6,2608,5
2540,4.22,2609,67
2541,3.88,2610,41
2542,3.91,2611,146
2543,4.09,2612,135
2544,3.1,2613,281
2545,1.93,2614,44
2546,3.01,2615,189
2547,2.68,2616,624
2548,3.32,2617,1007
2549,3.89,2618,46
2550,3.0,2619,1
2551,3.69,2620,36
2552,3.65,2621,69
2553,3.35,2622,415
2554,2.75,2623,4
2555,4.09,2624,101
2556,3.08,2625,66
2557,3.57,2626,35
2558,3.43,2627,14
2559,3.41,2628,2250
2560,2.75,2629,144
2561,3.51,2630,41
2562,2.0,2631,5
2563,3.27,2632,11
2564,3.54,2633,162
2565,3.25,2634,93
2566,3.03,2635,31
2567,2.46,2636,13
2568,2.67,2637,33
2569,2.83,2638,36
2570,3.2,2639,163
2571,3.54,2640,1222
2572,3.16,2641,845
2573,2.34,2642,511
2574,1.89,2643,332
2575,3.83,2644,238
2576,3.34,2645,101
2577,2.87,2646,39
2578,3.19,2647,52
2579,3.98,2648,405
2580,3.32,2649,65
2581,2.76,2650,33
2582,3.15,2651,82
2583,2.92,2652,51
2584,2.76,2653,42
2585,3.76,2654,134
2586,1.77,2655,47
2587,2.77,2656,62
2588,3.29,2657,1233
2589,3.09,2658,11
2590,3.17,2659,46
2591,3.9,2660,135
2592,3.36,2661,94
2593,3.86,2662,565
2594,3.08,2663,53
2595,3.91,2664,627
2596,3.42,2665,71
2597,3.21,2666,28
2598,2.62,2667,58
2599,2.53,2668,273
2600,3.74,2669,107
2601,4.0,2670,220
2602,3.66,2671,780
2603,3.19,2672,391
2604,3.86,2673,7
2605,2.69,2674,26
2606,3.4,2675,10
2607,3.14,2676,266
2608,4.06,2677,230
2609,3.12,2678,25
2610,2.6,2679,5
2611,0.0,2680,0
2612,3.6,2681,43
2613,4.06,2682,88
2614,3.39,2683,1434
2615,0.0,2684,0
2616,3.0,2685,4
2617,3.96,2686,583
2618,3.67,2687,442
2619,3.14,2688,691
2620,3.39,2689,41
2621,3.7,2690,390
2622,2.95,2691,20
2623,4.22,2692,1071
2624,3.86,2693,224
2625,3.14,2694,791
2626,2.18,2695,11
2627,3.69,2696,81
2628,3.73,2697,48
2629,0.0,2698,0
2630,3.0,2699,1367
2631,3.76,2700,1269
2632,2.16,2701,902
2633,3.07,2702,395
2634,3.0,2703,1
2635,3.07,2704,41
2636,2.71,2705,7
2637,3.71,2706,1389
2638,3.5,2707,634
2639,3.83,2708,47
2640,3.18,2709,232
2641,3.03,2710,1237
2642,3.56,2711,32
2643,3.2,2712,945
2644,2.5,2713,421
2645,3.25,2714,87
2646,2.23,2715,22
2647,3.91,2716,2180
2648,2.91,2717,564
2649,3.13,2718,383
2650,2.38,2719,476
2651,2.17,2720,373
2652,3.76,2721,85
2653,2.87,2722,598
2654,3.01,2723,853
2655,3.12,2724,650
2656,3.75,2725,94
2657,4.17,2726,130
2658,3.47,2727,32
2659,4.02,2728,425
2660,3.87,2729,201
2661,3.55,2730,169
2662,4.32,2731,187
2663,3.98,2732,148
2664,2.44,2733,50
2665,3.36,2734,466
2666,2.9,2735,459
2667,3.44,2736,225
2668,2.91,2737,23
2669,3.46,2738,79
2670,3.86,2739,449
2671,2.65,2740,17
2672,3.02,2741,61
2673,2.0,2742,1
2674,3.38,2743,24
2675,3.68,2744,38
2676,3.9,2745,228
2677,3.33,2746,935
2678,3.31,2747,356
2679,2.05,2748,137
2680,3.22,2749,87
2681,3.7,2750,284
2682,2.81,2751,53
2683,2.96,2752,185
2684,3.49,2753,57
2685,1.83,2754,12
2686,2.68,2755,31
2687,3.22,2756,32
2688,3.82,2757,135
2689,2.84,2758,31
2690,3.35,2759,430
2691,3.43,2760,7
2692,4.05,2761,674
2693,4.41,2762,2458
2694,3.64,2763,1089
2695,3.6,2764,280
2696,2.71,2765,7
2697,3.52,2766,33
2698,3.08,2767,25
2699,3.23,2768,13
2700,3.22,2769,77
2701,3.26,2770,935
2702,2.89,2771,171
2703,3.03,2772,246
2704,2.93,2773,14
2705,3.51,2774,68
2706,3.29,2775,14
2707,3.77,2776,13
2708,2.0,2777,5
2709,2.55,2778,29
2710,3.62,2779,345
2711,3.18,2780,82
2712,3.17,2781,63
2713,3.5,2782,107
2714,2.6,2783,10
2715,3.21,2784,63
2716,3.04,2785,25
2717,2.42,2786,72
2718,2.9,2787,162
2719,4.14,2788,451
2720,2.99,2789,165
2721,2.66,2790,61
2722,3.97,2791,1730
2723,2.98,2792,558
2724,2.75,2793,265
2725,2.92,2794,384
2726,3.84,2795,549
2727,2.95,2796,240
2728,3.86,2797,1491
2729,1.93,2798,160
2730,1.56,2799,99
2731,3.05,2800,22
2732,3.52,2801,91
2733,3.09,2802,305
2734,3.27,2803,346
2735,4.24,2804,1352
2736,2.87,2805,448
2737,2.63,2806,199
2738,1.76,2807,91
2739,2.51,2808,375
2740,2.55,2809,20
2741,3.93,2810,41
2742,4.0,2811,2
2743,3.24,2812,46
2744,3.66,2813,29
2745,2.62,2814,8
2746,2.59,2815,271
2747,1.86,2816,148
2748,1.64,2817,125
2749,1.6,2818,58
2750,4.04,2819,319
2751,3.57,2820,53
2752,2.67,2821,3
2753,3.05,2822,263
2754,2.5,2823,4
2755,3.93,2824,14
2756,2.75,2825,4
2757,3.16,2826,750
2758,2.44,2827,328
2759,2.11,2828,121
2760,2.96,2829,157
2761,3.55,2830,11
2762,3.25,2831,8
2763,0.0,2832,0
2764,3.67,2833,6
2765,3.56,2834,18
2766,2.54,2835,56
2767,3.29,2836,163
2768,3.38,2837,21
2769,0.0,2838,0
2770,4.3,2839,10
2771,2.9,2840,419
2772,3.63,2841,487
2773,3.45,2842,42
2774,3.87,2843,23
2775,3.18,2844,83
2776,1.0,2845,1
2777,3.37,2846,166
2778,3.91,2847,33
2779,3.95,2848,41
2780,2.8,2849,30
2781,2.71,2850,7
2782,2.44,2851,133
2783,3.74,2852,163
2784,2.89,2853,28
2785,2.36,2854,11
2786,2.3,2855,10
2787,2.78,2856,90
2788,3.7,2857,399
2789,4.32,2858,3427
2790,4.23,2859,238
2791,3.26,2860,128
2792,3.15,2861,354
2793,2.58,2862,89
2794,3.89,2863,517
2795,2.82,2864,28
2796,3.05,2865,20
2797,3.69,2866,199
2798,3.43,2867,306
2799,2.3,2868,63
2800,2.67,2869,3
2801,3.59,2870,193
2802,3.94,2871,729
2803,3.81,2872,741
2804,2.68,2873,22
2805,3.52,2874,67
2806,3.26,2875,291
2807,2.65,2876,43
2808,3.01,2877,211
2809,2.26,2878,34
2810,3.46,2879,164
2811,3.46,2880,72
2812,3.2,2881,786
2813,2.8,2882,118
2814,3.55,2883,277
2815,2.57,2884,42
2816,3.36,2885,61
2817,2.24,2886,33
2818,2.25,2887,4
2819,2.78,2888,119
2820,3.44,2889,287
2821,3.81,2890,1021
2822,3.49,2891,185
2823,2.5,2892,12
2824,2.88,2893,42
2825,2.62,2894,32
2826,3.0,2895,2
2827,3.32,2896,28
2828,3.25,2897,20
2829,2.75,2898,102
2830,3.55,2899,117
2831,2.68,2900,161
2832,3.2,2901,330
2833,2.42,2902,164
2834,2.05,2903,98
2835,3.76,2904,17
2836,4.61,2905,69
2837,2.33,2906,250
2838,2.45,2907,213
2839,4.01,2908,850
2840,4.0,2909,1
2841,0.0,2910,0
2842,3.29,2911,7
2843,3.68,2912,474
2844,3.29,2913,17
2845,2.18,2914,11
2846,3.64,2915,851
2847,3.68,2916,1996
2848,4.03,2917,503
2849,4.12,2918,1473
2850,3.9,2919,390
2851,4.19,2920,100
2852,3.88,2921,317
2853,3.75,2922,241
2854,3.41,2923,17
2855,3.91,2924,133
2856,4.23,2925,57
2857,3.35,2926,445
2858,4.08,2927,99
2859,3.34,2928,77
2860,3.47,2929,215
2861,4.4,2930,5
2862,4.3,2931,10
2863,3.96,2932,118
2864,3.44,2933,9
2865,2.4,2934,5
2866,4.19,2935,145
2867,4.09,2936,161
2868,4.29,2937,104
2869,3.74,2938,30
2870,3.5,2939,52
2871,4.01,2940,107
2872,3.61,2941,280
2873,3.1,2942,362
2874,3.78,2943,160
2875,4.0,2944,707
2876,2.68,2945,28
2877,3.77,2946,291
2878,3.97,2947,897
2879,3.89,2948,771
2880,3.87,2949,646
2881,2.33,2950,346
2882,3.99,2951,522
2883,3.75,2952,186
2884,2.39,2953,341
2885,0.0,2954,0
2886,2.0,2955,4
2887,3.13,2956,141
2888,0.0,2957,0
2889,0.0,2958,0
2890,4.08,2959,1451
2891,2.75,2960,4
2892,2.82,2961,280
2893,3.4,2962,10
2894,3.71,2963,17
2895,3.33,2964,12
2896,2.03,2965,72
2897,4.06,2966,429
2898,3.75,2967,127
2899,3.69,2968,1010
2900,3.91,2969,91
2901,3.96,2970,98
2902,3.82,2971,317
2903,4.02,2972,65
2904,4.05,2973,459
2905,1.84,2974,67
2906,3.04,2975,111
2907,3.07,2976,557
2908,2.91,2977,45
2909,2.84,2978,103
2910,2.19,2979,37
2911,0.0,2980,0
2912,3.73,2981,15
2913,2.11,2982,38
2914,3.99,2983,81
2915,3.44,2984,9
2916,3.45,2985,1228
2917,2.38,2986,493
2918,3.68,2987,1798
2919,3.64,2988,108
2920,3.5,2989,424
2921,3.2,2990,385
2922,3.59,2991,422
2923,2.48,2992,31
2924,3.71,2993,404
2925,3.5,2994,10
2926,2.31,2995,341
2927,3.43,2996,133
2928,4.13,2997,2240
2929,3.54,2998,13
2930,4.0,2999,4
2931,4.15,3000,345
2932,1.67,3001,6
2933,3.91,3002,35
2934,3.25,3003,8
2935,2.48,3004,252
2936,3.38,3005,640
2937,4.06,3006,884
2938,4.01,3007,295
2939,3.73,3008,51
2940,0.0,3009,0
2941,3.6,3010,35
2942,3.61,3011,149
2943,3.4,3012,10
2944,2.89,3013,65
2945,2.92,3014,49
2946,3.38,3015,144
2947,3.16,3016,446
2948,2.53,3017,103
2949,3.48,3018,248
2950,3.92,3019,416
2951,3.45,3020,524
2952,2.86,3021,36
2953,4.37,3022,206
2954,0.0,3023,0
2955,2.35,3024,161
2956,3.29,3025,14
2957,1.5,3026,8
2958,1.14,3027,7
2959,3.76,3028,139
2960,3.27,3029,190
2961,4.4,3030,215
2962,2.15,3031,53
2963,3.54,3032,224
2964,3.28,3033,899
2965,3.74,3034,343
2966,4.15,3035,421
2967,3.23,3036,174
2968,4.04,3037,591
2969,4.2,3038,74
2970,3.83,3039,838
2971,3.31,3040,315
2972,1.7,3041,73
2973,1.55,3042,65
2974,1.73,3043,40
2975,3.86,3044,583
2976,3.09,3045,118
2977,3.49,3046,85
2978,3.56,3047,18
2979,2.35,3048,71
2980,3.24,3049,37
2981,3.12,3050,16
2982,2.95,3051,161
2983,3.71,3052,989
2984,3.02,3053,341
2985,1.98,3054,136
2986,3.39,3055,82
2987,3.67,3056,6
2988,4.0,3057,2
2989,2.17,3058,12
2990,0.0,3059,0
2991,3.83,3060,558
2992,3.88,3061,275
2993,3.97,3062,352
2994,2.72,3063,139
2995,2.5,3064,60
2996,4.0,3065,1
2997,3.7,3066,194
2998,3.89,3067,352
2999,3.87,3068,378
3000,3.82,3069,55
3001,3.39,3070,610
3002,3.76,3071,327
3003,3.79,3072,981
3004,3.24,3073,33
3005,3.79,3074,222
3006,3.99,3075,69
3007,3.71,3076,93
3008,4.23,3077,88
3009,3.65,3078,155
3010,3.88,3079,145
3011,0.0,3080,0
3012,3.52,3081,1066
3013,3.38,3082,862
3014,4.09,3083,393
3015,3.5,3084,2
3016,2.5,3085,2
3017,3.58,3086,81
3018,3.48,3087,516
3019,4.09,3088,356
3020,4.36,3089,251
3021,4.14,3090,177
3022,4.28,3091,141
3023,4.0,3092,20
3024,3.7,3093,208
3025,3.85,3094,100
3026,4.13,3095,520
3027,3.96,3096,93
3028,4.04,3097,205
3029,3.83,3098,548
3030,3.24,3099,273
3031,3.76,3100,623
3032,3.67,3101,801
3033,3.64,3102,244
3034,3.06,3103,68
3035,3.86,3104,765
3036,3.78,3105,680
3037,3.24,3106,25
3038,3.44,3107,869
3039,3.63,3108,944
3040,3.22,3109,64
3041,3.39,3110,33
3042,3.7,3111,212
3043,3.37,3112,70
3044,2.63,3113,564
3045,4.22,3114,1585
3046,3.16,3115,110
3047,2.73,3116,11
3048,3.3,3117,73
3049,3.53,3118,66
3050,1.67,3119,3
3051,3.02,3120,130
3052,3.56,3121,18
3053,3.38,3122,29
3054,1.0,3123,3
3055,3.32,3124,34
3056,3.52,3125,200
3057,4.0,3126,3
3058,3.23,3127,56
3059,3.45,3128,51
3060,3.7,3129,288
3061,2.37,3130,118
3062,3.5,3131,2
3063,3.63,3132,38
3064,3.71,3133,42
3065,4.34,3134,164
3066,3.95,3135,195
3067,3.0,3136,3
3068,3.81,3137,16
3069,3.2,3138,66
3070,3.18,3139,17
3071,3.44,3140,9
3072,3.05,3141,62
3073,3.38,3142,130
3074,3.7,3143,33
3075,3.27,3144,49
3076,3.36,3145,259
3077,2.76,3146,308
3078,4.15,3147,1222
3079,3.95,3148,711
3080,2.44,3149,9
3081,3.68,3150,60
3082,2.0,3151,1
3083,3.97,3152,354
3084,3.62,3153,258
3085,3.5,3154,8
3086,3.41,3155,333
3087,2.91,3156,383
3088,3.15,3157,520
3089,3.64,3158,44
3090,3.81,3159,453
3091,3.89,3160,1113
3092,3.47,3161,19
3093,2.48,3162,21
3094,3.7,3163,304
3095,4.0,3164,1
3096,2.62,3165,61
3097,1.17,3166,6
3098,3.63,3167,166
3099,3.77,3168,484
3100,3.51,3169,253
3101,0.0,3170,0
3102,3.92,3171,25
3103,5.0,3172,1
3104,3.13,3173,483
3105,3.49,3174,874
3106,3.77,3175,1728
3107,3.5,3176,1331
3108,2.6,3177,168
3109,3.85,3178,509
3110,3.41,3179,225
3111,2.2,3180,70
3112,3.71,3181,163
3113,3.96,3182,123
3114,3.62,3183,45
3115,3.0,3184,5
3116,3.41,3185,398
3117,3.48,3186,431
3118,3.0,3187,3
3119,3.7,3188,54
3120,3.64,3189,300
3121,2.15,3190,161
3122,0.0,3191,0
3123,4.08,3192,24
3124,0.0,3193,0
3125,3.3,3194,220
3126,0.0,3195,0
3127,4.23,3196,394
3128,3.3,3197,251
3129,4.07,3198,325
3130,3.35,3199,72
3131,3.85,3200,172
3132,3.95,3201,358
3133,1.0,3202,1
3134,3.68,3203,497
3135,3.66,3204,204
3136,2.25,3205,4
3137,3.25,3206,133
3138,3.2,3207,5
3139,2.76,3208,264
3140,1.0,3209,1
3141,3.84,3210,886
3142,3.52,3211,66
3143,2.5,3212,2
3144,3.56,3213,232
3145,3.33,3214,97
3146,3.18,3215,11
3147,3.33,3216,3
3148,3.35,3217,91
3149,3.19,3218,32
3150,3.26,3219,447
3151,2.0,3220,1
3152,3.41,3221,29
3153,4.17,3222,30
3154,3.41,3223,29
3155,4.05,3224,76
3156,2.69,3225,122
3157,0.0,3226,0
3158,0.0,3227,0
3159,1.0,3228,2
3160,4.0,3229,1
3161,3.67,3230,78
3162,0.0,3231,0
3163,4.0,3232,5
3164,5.0,3233,2
3165,0.0,3234,0
3166,3.0,3235,71
3167,3.5,3236,2
3168,1.0,3237,1
3169,2.13,3238,267
3170,2.38,3239,37
3171,3.27,3240,33
3172,3.67,3241,57
3173,3.67,3242,3
3174,2.5,3243,293
3175,3.7,3244,322
3176,4.8,3245,5
3177,3.9,3246,475
3178,3.17,3247,666
3179,2.54,3248,202
3180,3.14,3249,340
3181,3.4,3250,366
3182,3.38,3251,276
3183,3.71,3252,555
3184,3.6,3253,1120
3185,2.88,3254,433
3186,3.68,3255,1099
3187,3.75,3256,1052
3188,2.86,3257,626
3189,2.75,3258,339
3190,3.37,3259,403
3191,3.73,3260,480
3192,3.48,3261,429
3193,2.97,3262,162
3194,3.19,3263,667
3195,3.09,3264,512
3196,4.14,3265,327
3197,3.66,3266,154
3198,3.69,3267,483
3199,1.78,3268,179
3200,3.2,3269,477
3201,3.29,3270,200
3202,3.85,3271,328
3203,3.2,3272,171
3204,2.73,3273,577
3205,3.11,3274,438
3206,3.62,3275,92
3207,2.65,3276,46
3208,4.0,3277,1
3209,0.0,3278,0
3210,0.0,3279,0
3211,5.0,3280,1
3212,4.04,3281,49
3213,3.7,3282,10
3214,3.47,3283,15
3215,3.73,3284,45
3216,2.7,3285,423
3217,2.21,3286,122
3218,2.73,3287,129
3219,3.0,3288,4
3220,3.77,3289,51
3221,3.0,3290,1
3222,2.0,3291,1
3223,3.83,3292,6
3224,3.4,3293,5
3225,2.5,3294,2
3226,3.5,3295,2
3227,3.79,3296,203
3228,2.0,3297,1
3229,3.46,3298,590
3230,2.3,3299,176
3231,3.3,3300,542
3232,3.38,3301,602
3233,3.34,3302,53
3234,3.5,3303,6
3235,3.57,3304,56
3236,4.0,3305,2
3237,3.96,3306,24
3238,4.39,3307,271
3239,3.2,3308,294
3240,3.67,3309,24
3241,3.79,3310,62
3242,3.79,3311,33
3243,1.0,3312,1
3244,2.25,3313,20
3245,3.25,3314,4
3246,2.0,3315,1
3247,2.77,3316,289
3248,3.95,3317,496
3249,3.48,3318,48
3250,3.11,3319,28
3251,3.51,3320,45
3252,2.0,3321,1
3253,2.75,3322,4
3254,3.0,3323,1
3255,2.76,3324,190
3256,2.33,3325,160
3257,2.86,3326,180
3258,3.53,3327,134
3259,3.84,3328,314
3260,3.81,3329,27
3261,3.76,3330,108
3262,2.31,3331,35
3263,0.0,3332,0
3264,3.5,3333,16
3265,4.08,3334,460
3266,2.67,3335,12
3267,3.0,3336,2
3268,3.5,3337,2
3269,4.44,3338,27
3270,3.74,3339,43
3271,2.8,3340,71
3272,4.04,3341,177
3273,3.86,3342,222
3274,2.38,3343,40
3275,2.6,3344,20
3276,3.13,3345,23
3277,2.8,3346,5
3278,3.98,3347,212
3279,0.0,3348,0
3280,3.4,3349,25
3281,3.97,3350,143
3282,3.27,3351,15
3283,2.67,3352,3
3284,4.0,3353,2
3285,2.6,3354,793
3286,2.88,3355,298
3287,0.0,3356,0
3288,3.77,3357,103
3289,3.68,3358,446
3290,4.08,3359,519
3291,3.92,3360,590
3292,3.84,3361,1094
3293,3.97,3362,764
3294,4.03,3363,990
3295,3.93,3364,151
3296,4.09,3365,245
3297,3.81,3366,265
3298,3.37,3367,43
3299,3.65,3368,63
3300,0.0,3369,0
3301,3.43,3370,86
3302,3.71,3371,48
3303,3.55,3372,56
3304,2.67,3373,3
3305,2.6,3374,15
3306,3.34,3375,65
3307,1.0,3376,1
3308,3.5,3377,2
3309,3.25,3378,4
3310,3.95,3379,95
3311,3.0,3380,3
3312,3.5,3381,2
3313,5.0,3382,1
3314,0.0,3383,0
3315,3.8,3384,276
3316,2.55,3385,141
3317,3.76,3386,756
3318,2.72,3387,173
3319,2.72,3388,297
3320,2.71,3389,38
3321,1.67,3390,33
3322,2.28,3391,96
3323,1.94,3392,157
3324,2.14,3393,51
3325,2.67,3394,210
3326,2.84,3395,55
3327,3.86,3396,744
3328,3.74,3397,358
3329,3.5,3398,341
3330,3.13,3399,87
3331,2.52,3400,29
3332,2.11,3401,113
3333,3.35,3402,23
3334,2.78,3403,32
3335,3.45,3404,219
3336,3.88,3405,144
3337,3.75,3406,105
3338,1.67,3407,3
3339,3.86,3408,1315
3340,3.27,3409,459
3341,4.33,3410,9
3342,0.0,3411,0
3343,3.37,3412,175
3344,3.5,3413,2
3345,3.26,3414,50
3346,3.83,3415,23
3347,3.94,3416,51
3348,3.59,3417,73
3349,3.68,3418,1416
3350,3.15,3419,13
3351,3.71,3420,199
3352,4.05,3421,1206
3353,3.4,3422,209
3354,2.92,3423,74
3355,3.88,3424,780
3356,3.29,3425,79
3357,3.2,3426,215
3358,3.34,3427,74
3359,2.95,3428,59
3360,4.34,3429,274
3361,3.34,3430,220
3362,2.67,3431,85
3363,2.26,3432,72
3364,2.15,3433,48
3365,2.26,3434,38
3366,4.42,3435,551
3367,2.79,3436,128
3368,2.0,3437,12
3369,2.68,3438,534
3370,2.13,3439,251
3371,1.92,3440,188
3372,3.28,3441,475
3373,2.31,3442,39
3374,3.8,3443,5
3375,3.23,3444,222
3376,3.19,3445,139
3377,3.41,3446,39
3378,3.72,3447,72
3379,3.73,3448,1082
3380,2.97,3449,33
3381,3.42,3450,809
3382,3.92,3451,350
3383,3.14,3452,331
3384,2.48,3453,89
3385,2.7,3454,43
3386,0.0,3455,0
3387,3.94,3456,65
3388,2.99,3457,141
3389,3.0,3458,1
3390,2.77,3459,62
3391,1.0,3460,1
3392,3.67,3461,353
3393,4.24,3462,305
3394,1.8,3463,10
3395,2.45,3464,20
3396,2.78,3465,18
3397,3.55,3466,219
3398,4.02,3467,279
3399,4.24,3468,450
3400,4.28,3469,268
3401,4.33,3470,92
3402,4.01,3471,1450
3403,1.75,3472,4
3404,3.42,3473,24
3405,3.19,3474,16
3406,3.96,3475,134
3407,3.58,3476,667
3408,3.04,3477,271
3409,3.33,3478,266
3410,3.67,3479,542
3411,3.63,3480,155
3412,3.93,3481,1373
3413,3.0,3482,3
3414,3.01,3483,168
3415,2.73,3484,302
3416,1.5,3485,2
3417,3.1,3486,10
3418,3.72,3487,68
3419,2.0,3488,22
3420,3.02,3489,722
3421,2.65,3490,17
3422,2.94,3491,66
3423,3.57,3492,14
3424,1.0,3493,2
3425,3.74,3494,320
3426,3.75,3495,12
3427,3.22,3496,59
3428,3.05,3497,96
3429,4.01,3498,295
3430,3.83,3499,884
3431,2.71,3500,177
3432,3.55,3501,269
3433,3.51,3502,88
3434,3.45,3503,143
3435,4.02,3504,687
3436,3.87,3505,354
3437,3.37,3506,167
3438,4.03,3507,389
3439,4.04,3508,365
3440,2.85,3509,92
3441,3.76,3510,821
3442,2.59,3511,66
3443,3.68,3512,454
3444,3.35,3513,420
3445,3.16,3514,62
3446,3.19,3515,192
3447,3.77,3516,227
3448,4.5,3517,2
3449,2.87,3518,54
3450,3.35,3519,199
3451,2.56,3520,32
3452,3.88,3521,187
3453,4.0,3522,3
3454,3.12,3523,8
3455,3.43,3524,533
3456,3.14,3525,360
3457,3.77,3526,811
3458,3.65,3527,1297
3459,3.16,3528,321
3460,3.47,3529,155
3461,4.0,3530,1
3462,3.04,3531,27
3463,3.76,3532,21
3464,3.29,3533,7
3465,3.07,3534,505
3466,3.22,3535,630
3467,3.75,3536,489
3468,3.32,3537,34
3469,3.66,3538,176
3470,3.85,3539,39
3471,2.75,3540,28
3472,0.0,3541,0
3473,3.0,3542,2
3474,3.92,3543,838
3475,2.92,3544,97
3476,3.9,3545,443
3477,3.72,3546,223
3478,3.79,3547,76
3479,3.84,3548,274
3480,3.79,3549,260
3481,3.43,3550,160
3482,3.93,3551,400
3483,3.85,3552,966
3484,2.77,3553,82
3485,3.45,3554,119
3486,3.54,3555,908
3487,3.63,3556,328
3488,2.9,3557,116
3489,0.0,3558,0
3490,3.67,3559,30
3491,0.0,3560,0
3492,0.0,3561,0
3493,3.04,3562,26
3494,1.92,3563,13
3495,1.8,3564,128
3496,3.27,3565,277
3497,3.37,3566,304
3498,3.4,3567,35
3499,3.27,3568,26
3500,3.35,3569,37
3501,3.9,3570,10
3502,3.38,3571,127
3503,1.73,3572,77
3504,1.46,3573,26
3505,1.06,3574,17
3506,3.33,3575,3
3507,3.68,3576,284
3508,2.65,3577,60
3509,4.11,3578,1924
3510,2.49,3579,68
3511,3.07,3580,29
3512,2.79,3581,14
3513,0.0,3582,0
3514,0.0,3583,0
3515,2.77,3584,129
3516,3.84,3585,19
3517,3.39,3586,28
3518,3.0,3587,30
3519,3.33,3588,48
3520,0.0,3589,0
3521,2.86,3590,85
3522,3.41,3591,628
3523,2.5,3592,8
3524,1.61,3593,342
3525,3.3,3594,182
3526,3.0,3595,4
3527,2.53,3596,60
3528,2.73,3597,37
3529,3.46,3598,179
3530,3.63,3599,103
3531,2.83,3600,121
3532,4.0,3601,2
3533,2.98,3602,49
3534,3.33,3603,3
3535,3.7,3604,122
3536,3.1,3605,51
3537,3.94,3606,169
3538,5.0,3607,1
3539,3.41,3608,861
3540,4.0,3609,4
3541,2.53,3610,34
3542,3.07,3611,15
3543,3.63,3612,30
3544,3.76,3613,94
3545,3.22,3614,542
3546,3.22,3615,345
3547,2.46,3616,138
3548,3.27,3617,419
3549,3.37,3618,369
3550,3.26,3619,92
3551,3.0,3620,50
3552,1.67,3621,3
3553,3.83,3622,84
3554,3.2,3623,1313
3555,3.65,3624,791
3556,3.81,3625,16
3557,2.47,3626,49
3558,3.48,3627,107
3559,3.42,3628,101
3560,4.19,3629,275
3561,0.0,3630,0
3562,2.67,3631,3
3563,3.6,3632,40
3564,3.46,3633,353
3565,4.25,3634,165
3566,3.61,3635,487
3567,2.78,3636,9
3568,3.95,3637,20
3569,3.19,3638,652
3570,3.63,3639,461
3571,3.42,3640,12
3572,2.75,3641,8
3573,3.08,3642,13
3574,3.44,3643,101
3575,3.35,3644,17
3576,3.61,3645,18
3577,2.44,3646,180
3578,4.0,3647,1
3579,2.67,3648,9
3580,3.17,3649,295
3581,0.0,3650,0
3582,1.0,3651,2
3583,3.0,3652,5
3584,3.79,3653,149
3585,3.96,3654,502
3586,3.78,3655,50
3587,5.0,3656,1
3588,3.67,3657,6
3589,3.65,3658,69
3590,3.21,3659,38
3591,2.86,3660,157
3592,2.21,3661,82
3593,2.1,3662,92
3594,1.86,3663,58
3595,1.69,3664,54
3596,1.73,3665,26
3597,1.67,3666,6
3598,1.91,3667,35
3599,3.92,3668,356
3600,2.38,3669,71
3601,3.67,3670,21
3602,4.05,3671,1118
3603,2.97,3672,156
3604,2.32,3673,31
3605,2.6,3674,47
3606,3.83,3675,271
3607,3.47,3676,199
3608,3.89,3677,45
3609,3.76,3678,90
3610,4.27,3679,62
3611,3.94,3680,47
3612,3.92,3681,325
3613,3.69,3682,210
3614,4.22,3683,627
3615,3.37,3684,358
3616,3.59,3685,545
3617,3.25,3686,413
3618,2.0,3687,2
3619,2.73,3688,339
3620,2.04,3689,141
3621,2.04,3690,122
3622,2.57,3691,42
3623,2.29,3692,58
3624,2.7,3693,182
3625,1.85,3694,62
3626,1.81,3695,53
3627,2.55,3696,65
3628,2.87,3697,643
3629,3.2,3698,730
3630,3.46,3699,865
3631,3.59,3700,246
3632,3.22,3701,504
3633,3.66,3702,1066
3634,3.67,3703,1033
3635,3.17,3704,722
3636,2.58,3705,380
3637,3.4,3706,448
3638,3.08,3707,237
3639,2.98,3708,267
3640,2.39,3709,113
3641,2.25,3710,185
3642,3.21,3711,33
3643,3.23,3712,365
3644,3.74,3713,85
3645,3.14,3714,66
3646,2.45,3715,88
3647,2.37,3716,67
3648,2.97,3717,584
3649,3.31,3718,61
3650,3.02,3719,45
3651,3.67,3720,87
3652,2.58,3721,24
3653,2.0,3722,1
3654,3.73,3723,269
3655,3.72,3724,195
3656,3.07,3725,112
3657,3.57,3726,98
3658,3.71,3727,148
3659,3.96,3728,148
3660,3.41,3729,222
3661,4.25,3730,453
3662,3.4,3731,43
3663,2.99,3732,71
3664,3.84,3733,289
3665,3.49,3734,57
3666,3.98,3735,494
3667,3.79,3736,39
3668,4.0,3737,50
3669,3.45,3738,77
3670,3.98,3739,40
3671,3.41,3740,584
3672,4.08,3741,241
3673,3.97,3742,234
3674,2.6,3743,77
3675,3.24,3744,421
3676,3.38,3745,535
3677,3.86,3746,69
3678,3.75,3747,148
3679,3.0,3748,2
3680,3.14,3749,22
3681,0.0,3750,0
3682,3.88,3751,1328
3683,3.0,3752,560
3684,3.75,3753,1240
3685,2.5,3754,206
3686,3.35,3755,1013
3687,3.5,3756,24
3688,2.82,3757,17
3689,2.76,3758,120
3690,3.26,3759,35
3691,3.48,3760,305
3692,2.96,3761,28
3693,1.33,3762,3
3694,3.57,3763,701
3695,2.64,3764,245
3696,2.85,3765,46
3697,2.54,3766,191
3698,2.09,3767,104
3699,2.16,3768,81
3700,3.38,3769,190
3701,3.47,3770,338
3702,3.4,3771,151
3703,1.67,3772,3
3704,2.82,3773,171
3705,1.97,3774,64
3706,3.25,3775,20
3707,3.33,3776,24
3708,2.18,3777,11
3709,2.83,3778,6
3710,3.0,3779,1
3711,3.1,3780,41
3712,2.59,3781,29
3713,2.73,3782,44
3714,4.03,3783,235
3715,3.24,3784,165
3716,3.01,3785,613
3717,3.25,3786,184
3718,3.86,3787,63
3719,3.81,3788,246
3720,4.2,3789,156
3721,3.37,3790,51
3722,3.07,3791,435
3723,3.56,3792,72
3724,3.82,3793,1511
3725,3.28,3794,121
3726,3.41,3795,66
3727,3.38,3796,13
3728,2.21,3797,29
3729,3.33,3798,463
3730,1.62,3799,100
3731,2.33,3800,3
3732,4.23,3801,199
3733,2.42,3802,304
3734,3.56,3803,9
3735,2.53,3804,43
3736,2.79,3805,34
3737,3.26,3806,58
3738,3.27,3807,106
3739,4.02,3808,44
3740,3.4,3809,817
3741,3.13,3810,83
3742,4.1,3811,360
3743,3.56,3812,285
3744,3.29,3813,83
3745,4.02,3814,219
3746,3.76,3816,38
3747,3.19,3817,16
3748,2.43,3818,7
3749,4.02,3819,244
3750,1.81,3820,37
3751,2.64,3821,248
3752,3.76,3822,70
3753,3.59,3823,66
3754,2.13,3824,117
3755,2.76,3825,201
3756,2.54,3826,405
3757,3.38,3827,478
3758,2.5,3828,2
3759,0.0,3829,0
3760,2.88,3830,25
3761,3.72,3831,186
3762,3.29,3832,21
3763,2.54,3833,56
3764,2.82,3834,176
3765,2.71,3835,178
3766,3.91,3836,375
3767,2.89,3837,89
3768,2.62,3838,42
3769,2.64,3839,47
3770,2.54,3840,112
3771,2.75,3841,306
3772,3.0,3842,1
3773,2.63,3843,30
3774,3.59,3844,408
3775,3.39,3845,28
3776,3.14,3846,138
3777,2.96,3847,25
3778,3.1,3848,20
3779,4.05,3849,43
3780,2.92,3850,13
3781,3.95,3851,40
3782,3.7,3852,208
3783,3.54,3853,13
3784,3.65,3854,20
3785,3.67,3855,39
3786,0.0,3856,0
3787,2.67,3857,60
3788,3.16,3858,69
3789,3.88,3859,82
3790,3.19,3860,16
3791,3.1,3861,241
3792,3.1,3862,20
3793,3.26,3863,658
3794,2.69,3864,143
3795,3.23,3865,147
3796,3.17,3866,6
3797,3.33,3867,12
3798,3.68,3868,692
3799,3.09,3869,431
3800,3.86,3870,49
3801,3.84,3871,305
3802,3.83,3872,102
3803,3.67,3873,280
3804,3.0,3874,24
3805,2.8,3875,5
3806,2.0,3876,4
3807,2.02,3877,182
3808,2.83,3878,12
3809,2.78,3879,144
3810,3.5,3880,18
3811,5.0,3881,1
3812,3.27,3882,234
3813,2.73,3883,15
3814,2.38,3884,40
3815,3.12,3885,26
3816,3.0,3886,40
3817,3.0,3887,4
3818,4.5,3888,2
3819,2.41,3889,135
3820,3.0,3890,1
3821,1.71,3891,7
3822,2.7,3892,10
3823,3.5,3893,559
3824,3.19,3894,21
3825,2.34,3895,94
3826,3.32,3896,179
3827,4.23,3897,994
3828,2.73,3898,45
3829,1.67,3899,3
3830,2.79,3900,33
3831,2.65,3901,106
3832,3.12,3902,24
3833,3.5,3903,52
3834,1.0,3904,1
3835,3.88,3905,8
3836,3.16,3906,32
3837,0.0,3907,0
3838,2.18,3908,92
3839,2.68,3909,69
3840,3.82,3910,200
3841,4.07,3911,657
3842,2.3,3912,40
3843,2.91,3913,32
3844,3.33,3914,70
3845,3.51,3915,127
3846,3.92,3916,437
3847,3.11,3917,279
3848,2.8,3918,167
3849,2.23,3919,87
3850,3.71,3920,66
3851,2.64,3921,47
3852,2.59,3922,39
3853,2.58,3923,104
3854,2.92,3924,26
3855,3.85,3925,124
3856,3.36,3926,180
3857,3.58,3927,348
3858,3.44,3928,206
3859,3.99,3929,147
3860,3.26,3930,223
3861,2.04,3931,27
3862,3.75,3932,232
3863,2.25,3933,16
3864,3.04,3934,28
3865,3.0,3935,23
3866,3.72,3936,112
3867,2.94,3937,135
3868,1.93,3938,27
3869,1.96,3939,26
3870,1.73,3940,15
3871,2.05,3941,22
3872,1.79,3942,28
3873,3.05,3943,96
3874,2.11,3944,9
3875,1.49,3945,43
3876,2.26,3946,100
3877,3.47,3947,55
3878,3.64,3948,862
3879,4.12,3949,304
3880,3.67,3950,54
3881,3.9,3951,40
3882,3.78,3952,388
